PUBID,SQFT,LnAreaT,ADJWT,SiteEUI,SourceEUI,WKHRS,NWKER,PCNUM,PcDensT,Bank50,HDD,HEATP,CDD,COOLP,WiFridge,OpFridge,ClFridge,ReFridge,VnFridge,NFLOORS
3,190000,12.155,80.65,100.2964,334.1395873,55,650,700,3.684,0,4722,80,1294,80,0,0,0,8,2,10
6,55000,10.915,274.46,86.82392727,214.0864625,45,118,140,2.545,0,3881,100,1213,100,0,0,0,0,6,4
14,65000,11.082,221.72,46.95710769,137.1966655,50,250,200,3.077,0,5372,100,825,100,0,0,0,0,6,4
24,12750,9.453,402.35,98.83427451,195.121973,60,25,45,3.529,0,4194,100,1897,100,0,0,0,2,1,1
36,15000,9.616,869.22,53.51746667,140.5289204,40,50,45,3,0,4640,66,1125,66,0,0,0,6,0,3
50,1000000,12.206,3.19,186.013286,491.7589348,168,7500,8000,8,0,5171,60,802,50,5,0,3,0,45,40
75,900000,12.206,46.81,103.3668689,259.0798079,55,1800,2000,2.222,0,5596,100,799,95,2,4,12,70,20,40
76,116000,11.661,77.89,72.33844828,214.2869394,59,100,100,0.862,0,5734,90,823,90,0,0,0,0,6,5
82,16000,9.68,406.42,54.600875,83.68121844,55,48,48,3,0,6334,100,728,100,0,0,0,0,2,2
108,65000,11.082,70.76,34.48803077,98.88513475,50,116,200,3.077,0,2949,100,2302,50,0,0,0,10,2,2
113,20000,9.903,2739.65,26.3765,54.3975183,55,5,7,0.35,1,6560,100,1009,100,0,0,0,0,0,2
131,36000,10.491,734.43,94.44480556,218.4657924,168,48,25,0.694,0,3874,100,1024,100,1,0,2,0,3,2
136,158000,11.97,74.65,122.1936962,407.3088499,168,217,217,1.373,0,2307,100,2751,100,0,3,0,15,0,6
191,225000,12.206,39.55,41.25072444,92.76842838,40,93,35,0.156,0,3379,100,1359,100,1,1,0,4,2,3
194,81000,11.302,190.78,114.2248272,294.9810481,70,250,250,3.086,0,1103,100,2999,100,1,0,0,5,4,1
201,6000,8.7,528.24,42.85583333,143.1384833,40,15,18,3,0,1470,100,2561,100,0,0,0,1,0,2
211,150000,11.918,80.65,65.18542,217.4499947,63,225,235,1.567,0,4554,85,1252,85,0,0,0,18,6,11
224,44000,10.692,97.69,44.04306818,140.0545925,57,98,90,2.045,0,1997,100,1898,100,0,0,0,3,0,2
243,5000,8.517,2739.65,81.8688,273.441792,57,7,9,1.8,1,5931,100,724,100,0,0,0,1,1,1
245,12000,9.393,807.37,39.22408333,131.0084383,40,50,50,4.167,1,632,0,3723,100,0,0,0,1,1,1
247,255000,12.206,31.27,102.1467647,221.8331158,45,700,600,2.353,0,2359,95,2011,100,0,0,0,0,6,7
251,5400,8.594,2463.5,50.02981481,128.0047807,45,9,21,3.889,0,4804,100,1192,100,0,0,0,0,0,1
253,64000,11.067,80.53,181.3715156,448.7744805,84,200,200,3.125,0,5822,100,807,100,0,0,0,12,0,7
256,89000,11.396,221.72,105.5375618,213.4263064,70,140,146,1.64,0,7636,90,431,60,0,0,0,7,1,5
286,13250,9.492,364.5,98.38007547,245.6235204,45,35,40,3.019,0,4416,100,1284,80,0,0,0,2,1,3
294,1000000,12.206,6.04,86.231132,228.9373157,60,1512,1500,1.5,0,3981,100,1378,80,1,3,3,25,8,11
318,20250,9.916,364.88,127.4163457,288.3720818,55,95,90,4.444,0,7571,100,646,88,0,0,0,1,2,2
320,40000,10.597,436.75,87.32,291.6488,45,90,200,5,0,3257,100,1391,100,0,0,0,0,4,2
350,108000,11.59,86.75,115.3503889,333.5187442,60,400,450,4.167,0,4206,100,1262,100,0,0,0,0,0,5
359,40000,10.597,364.88,217.59875,481.8254255,40,122,110,2.75,1,6238,100,603,75,0,0,0,1,2,4
363,45500,10.725,88.09,14.56268132,42.27456497,64,150,65,1.429,0,1745,100,310,100,0,0,0,0,0,3
368,30000,10.309,377.5,29.8789,99.795526,55,31,19,0.633,0,122,0,5783,90,0,0,0,1,0,3
447,40500,10.609,364.88,114.2451358,381.5787536,38,137,125,3.086,1,4295,100,1495,90,0,5,0,0,1,5
469,28000,10.24,808.04,61.12939286,204.1721721,48,60,70,2.5,0,5228,100,931,100,0,0,0,2,2,1
481,53000,10.878,82.18,187.4654151,293.1511699,45,128,129,2.434,0,5774,100,523,100,0,0,0,0,3,3
491,350000,12.206,15.66,253.2073486,463.1922393,50,500,600,1.714,0,6919,99,587,80,0,0,3,0,6,6
520,70000,11.156,84.11,179.0846143,488.2836714,40,98,98,1.4,0,5802,100,739,100,0,0,0,0,3,2
553,104000,11.552,77.89,87.58416346,292.220387,55,225,300,2.885,0,5406,100,1399,100,0,0,0,5,4,3
558,600000,12.206,28.58,80.71801667,262.3117518,66,1825,1500,2.5,0,4192,100,1157,80,1,0,0,0,10,20
566,108000,11.59,96.84,36.27660185,121.1638502,65,100,13,0.12,0,1104,100,642,100,0,0,0,13,0,6
585,106000,11.571,86.75,58.98813208,140.7195101,168,210,178,1.679,0,6382,100,611,100,0,0,0,0,1,4
599,220000,12.206,5.59,82.10533636,269.9034155,55,750,600,2.727,0,1200,100,3382,100,0,0,0,10,7,12
601,30000,10.309,745.49,58.59376667,193.7320007,60,42,24,0.8,0,262,100,3797,100,0,0,0,0,0,4
606,146000,11.891,124.82,168.0969452,454.6504003,90,380,500,3.425,0,6549,100,562,100,2,0,0,5,4,1
622,500000,12.206,5.27,43.03638,87.07972575,60,400,250,0.5,0,7179,80,776,80,0,0,0,10,5,7
625,900000,12.206,25.66,93.86539,313.3667814,168,2340,2300,2.556,0,6805,100,863,95,0,2,4,30,25,40
637,900000,12.206,51.21,30.45972667,82.89818931,60,1146,700,0.778,0,1656,50,238,50,0,0,0,70,0,20
642,320000,12.206,61.35,134.6779031,347.7445729,55,700,600,1.875,0,3203,100,1713,100,2,3,5,8,15,5
651,168000,12.032,80.65,160.2253452,388.2653931,68,400,179,1.065,0,4943,100,1282,100,4,2,2,0,2,13
674,118000,11.678,96.84,67.16491525,218.9315104,40,283,750,6.356,0,1489,100,597,100,0,0,0,0,2,6
692,9500,9.159,780.38,92.67515789,218.6046746,40,7,12,1.263,0,5616,100,909,100,0,0,0,2,0,3
696,45000,10.714,190.78,158.4537333,354.8081823,60,250,100,2.222,0,1840,80,2359,100,0,0,0,20,10,5
711,55000,10.915,80.53,227.1928545,441.091379,60,106,113,2.055,0,6780,100,452,100,0,0,0,3,3,8
733,73000,11.198,221.72,95.86290411,320.1820997,60,250,200,2.74,0,6316,100,674,100,0,0,0,9,0,5
749,5300,8.575,2226.65,62.70037736,209.4192604,40,12,6,1.132,0,1018,100,3740,100,0,0,0,2,1,1
751,80000,11.29,119.39,91.2516375,117.1461423,50,84,84,1.05,0,6300,100,723,80,0,0,0,6,1,4
761,91000,11.419,82.18,117.1958352,280.0243138,50,500,400,4.396,0,6302,100,543,100,2,1,0,0,0,6
777,17750,9.784,780.38,112.624169,251.6607669,40,74,46,2.592,0,6503,100,884,100,0,0,0,3,1,3
793,120000,11.695,93.85,94.44445833,153.2605244,64,225,225,1.875,0,5662,95,616,80,0,0,0,2,0,10
796,700000,12.206,31.11,49.61997429,165.6060724,61,1000,1000,1.429,0,2487,96,250,96,1,0,0,20,20,6
810,126000,11.744,238.86,251.0293333,675.9419703,60,400,550,4.365,0,5889,100,890,100,0,0,0,0,8,7
814,15250,9.632,780.38,77.15488525,186.7747515,64,45,48,3.148,1,7772,100,300,80,0,0,2,3,1,4
825,265000,12.206,5.32,47.62242642,140.8465397,54,700,750,2.83,0,1488,75,657,75,1,0,0,0,3,6
857,45000,10.714,89.9,39.16793333,130.8208973,40,100,70,1.556,0,1955,100,234,100,0,0,0,2,1,3
875,33000,10.404,444.58,34.0579697,113.7536188,95,65,65,1.97,0,2177,100,246,100,0,0,0,2,3,2
888,420000,12.206,2.36,102.2415524,256.0058364,60,1000,1000,2.381,0,5702,100,801,100,2,4,4,30,20,6
889,6700,8.81,2314.83,57.81134328,138.0098169,48,22,18,2.687,0,3039,100,2017,100,0,0,0,1,0,1
891,114000,11.644,74.65,56.56883333,188.9399033,48,300,300,2.632,0,1551,100,2805,100,0,0,0,54,1,6
892,13750,9.529,706.3,84.67592727,282.8175971,40,31,31,2.255,0,6376,100,857,100,0,0,0,3,2,3
896,40000,10.597,363.08,176.971725,546.2563972,168,124,150,3.75,0,5028,1,1562,100,0,0,0,4,2,1
902,66000,11.097,199.06,72.32577273,241.5680809,55,246,210,3.182,0,6440,100,791,100,0,0,3,5,2,2
937,51000,10.84,148.9,130.657451,249.9160876,60,100,90,1.765,0,7699,100,501,100,0,0,0,10,2,3
939,600000,12.206,6.04,100.9281333,236.8873302,76,1200,1300,2.167,0,3755,75,1316,75,2,1,0,63,6,6
942,110000,11.608,238.86,94.23077273,287.1956656,60,200,200,1.818,0,4762,100,1117,80,0,0,0,6,6,2
969,380000,12.206,73.78,73.15136842,229.6751974,67,200,200,0.526,0,5658,100,918,100,3,1,2,6,10,20
972,450000,12.206,51.21,39.87254,105.3300449,65,886,498,1.107,0,1062,100,1012,100,0,0,0,28,0,40
974,5000,8.517,2996.93,57.8004,190.9261,100,20,12,2.4,0,1789,100,1580,100,0,0,0,2,0,2
978,225000,12.206,66.79,138.9011111,350.2716178,60,750,150,0.667,0,5622,100,683,100,0,0,0,0,0,14
984,420000,12.206,39.55,98.0080119,264.5928174,60,800,650,1.548,0,3089,100,1578,100,0,0,0,0,0,40
994,265000,12.206,42.03,78.65381132,262.7037298,66,600,600,2.264,0,6544,100,714,100,1,1,5,0,2,11
1018,700000,12.206,40.28,47.19951,157.3017497,65,860,802,1.146,0,2222,55,2701,55,0,0,0,0,2,20
1034,5000,8.517,2544.74,70.2436,234.613624,54,9,15,3,1,662,100,3347,100,0,0,0,0,0,1
1068,65000,11.082,80.53,56.58033846,141.6603,50,41,10,0.154,0,4843,100,1375,100,0,0,0,0,0,3
1075,400000,12.206,30.24,82.245585,202.4664828,168,1645,1700,4.25,0,6343,100,777,95,3,3,4,0,9,2
1102,7400,8.909,364.88,27.44932432,46.09218486,39,1,1,0.135,0,6044,15,588,28,0,0,0,1,0,2
1106,31000,10.342,360.63,59.56722581,121.2830393,50,11,10,0.323,0,5174,100,753,30,2,0,0,0,2,1
1109,15250,9.632,679.47,38.36688525,92.2267922,50,9,5,0.328,0,6290,33,641,10,0,0,0,1,1,1
1117,12750,9.453,869.22,120.2942745,201.0489809,60,35,25,1.961,0,5388,100,1137,100,0,0,0,3,2,1
1140,265000,12.206,25.53,127.3448038,381.2116076,168,525,400,1.509,0,4338,100,1665,100,2,2,1,0,6,4
1151,99000,11.503,221.72,108.9374444,285.8840847,65,220,220,2.222,0,6487,100,618,100,0,0,0,2,4,3
1155,18500,9.826,113.77,160.2032432,460.821081,168,100,50,2.703,0,1469,100,645,100,0,0,0,0,0,4
1158,260000,12.206,5.27,103.3372885,228.266189,40,630,600,2.308,0,6362,100,623,100,2,1,4,10,6,9
1170,40000,10.597,364.5,87.8448,188.7436661,45,75,60,1.5,0,4774,100,1047,100,0,0,0,0,4,4
1172,99000,11.503,80.53,48.06584848,148.0826612,45,90,50,0.505,0,6141,45,819,45,0,0,0,2,0,7
1175,85000,11.35,190.78,97.70809412,264.7870631,45,300,250,2.941,0,2686,100,2205,100,0,0,0,0,0,5
1186,20000,9.903,780.38,59.37385,111.0150039,40,30,20,1,0,6101,66,563,66,0,0,0,1,0,2
1204,33000,10.404,180.19,15.11545455,31.99563052,50,75,100,3.03,0,1257,100,2257,100,0,0,0,6,1,2
1205,35000,10.463,364.88,59.84468571,127.6415956,40,25,15,0.429,1,6255,100,802,100,0,0,0,0,0,3
1230,20000,9.903,864.37,99.51155,239.1527385,168,40,35,1.75,0,6355,100,528,100,0,0,0,1,0,2
1239,490000,12.206,11.26,57.41332245,75.59725208,40,453,212,0.433,0,5888,20,819,10,5,0,6,50,4,6
1254,30000,10.309,713.87,56.9117,138.532212,45,35,45,1.5,1,6196,70,744,70,0,0,1,2,1,3
1256,106000,11.571,77.89,155.4183491,369.296937,60,170,150,1.415,0,6001,100,896,90,0,0,0,0,4,10
1264,350000,12.206,89.29,128.1125571,393.0149939,66,700,600,1.714,0,773,90,4757,95,0,0,0,10,15,20
1265,17500,9.77,406.42,71.0944,205.079296,45,40,20,1.143,0,6622,100,785,90,0,0,0,1,0,5
1285,116000,11.661,77.89,113.264569,326.3325584,50,250,200,1.724,0,6345,100,547,100,0,0,0,0,0,3
1303,285000,12.206,82.18,109.1747474,260.3857615,168,200,300,1.053,0,5297,100,955,100,0,0,0,0,1,12
1326,215000,12.206,72.3,130.0229814,407.4284688,168,1400,1400,6.512,0,5521,100,944,100,1,3,0,0,6,3
1335,49000,10.8,242.54,147.2740612,488.1758761,50,200,200,4.082,0,1821,100,1601,100,0,0,0,0,1,3
1344,225000,12.206,25.66,155.1777244,485.0861087,168,380,583,2.591,0,6701,100,768,100,0,0,0,5,8,4
1365,15750,9.665,318.68,80.02292063,263.5832559,40,50,20,1.27,0,903,100,4400,100,1,0,0,0,3,1
1439,13000,9.473,780.38,123.672,252.3615958,55,28,30,2.308,0,7036,100,704,100,0,0,0,1,0,2
1452,158000,11.97,86.75,55.27439241,184.5139949,60,350,450,2.848,0,4859,80,269,80,0,0,0,0,6,8
1460,33000,10.404,528.24,7.036484848,23.50185939,50,33,98,2.97,0,279,80,4431,100,0,0,0,0,0,3
1490,800000,12.206,25.66,37.574225,121.1972466,68,1948,2000,2.5,0,5598,89,1012,89,3,2,12,35,30,40
1497,15000,9.616,781.6,56.1038,119.6322806,70,25,50,3.333,0,8275,100,550,75,0,0,0,1,1,1
1502,21000,9.952,944.4,123.2745714,411.7370686,80,117,20,0.952,0,1232,100,4350,100,0,0,0,5,0,2
1518,18500,9.826,760.56,41.7872973,76.09710195,84,1,1,0.054,0,9368,70,57,0,0,0,0,1,1,2
1519,8700,9.071,869.22,236.8285057,434.9275028,60,31,18,2.069,0,7272,100,514,80,0,2,0,0,2,2
1520,235000,12.206,40.28,89.74178723,299.7375694,40,550,553,2.353,0,1043,100,3282,100,0,0,4,0,0,12
1521,100000,11.513,80.53,78.53868,188.8466992,65,605,580,5.8,0,6330,100,577,100,0,0,0,3,4,2
1526,10750,9.283,808.04,104.8122791,260.4137259,45,31,64,5.953,0,4486,100,1077,100,0,0,0,1,0,1
1528,430000,12.206,28.46,110.3439372,360.632185,168,1100,1200,2.791,0,3217,100,1979,100,0,0,0,20,20,20
1532,34000,10.434,72.3,93.81082353,167.7492899,50,20,30,0.882,0,6431,100,618,100,0,0,0,3,2,4
1572,220000,12.206,95.2,60.37988182,200.8844425,50,700,6,0.027,0,1115,80,1831,80,0,0,0,10,7,20
1625,47000,10.758,199.06,50.23538298,167.7861791,65,60,60,1.277,0,4991,100,1551,100,0,0,0,1,2,2
1628,14250,9.565,419.28,108.5243509,362.4713319,40,50,55,3.86,0,3305,100,1564,100,0,0,0,1,2,2
1661,53000,10.878,130.75,64.06671698,188.1786241,45,125,116,2.189,0,3628,100,1383,100,0,0,0,8,5,3
1690,5000,8.517,2546.83,34.12,113.9608,55,20,20,4,0,4811,100,1041,100,0,0,0,0,0,1
1708,32500,10.389,807.37,25.7372,85.962248,45,75,75,2.308,0,1330,100,2495,100,0,0,0,1,0,1
1770,900000,12.206,5.49,85.56183222,279.1350198,60,1900,1900,2.111,0,2382,100,1630,100,1,4,0,0,8,40
1801,6800,8.825,971.29,44.42588235,141.603414,47,7,10,1.471,0,2683,100,1558,100,0,0,0,2,1,1
1814,160000,11.983,86.75,46.9961875,151.4352969,55,500,400,2.5,0,6348,100,574,100,0,0,0,12,3,7
1838,7200,8.882,807.37,16.90736111,56.47058611,56,102,27,3.75,0,320,5,3998,100,0,0,0,3,1,2
1845,130000,11.775,144.22,162.3375615,431.5992914,40,200,200,1.538,0,4549,100,1161,100,0,0,0,14,1,5
1847,485000,12.206,51.21,79.53089485,205.1735567,60,1500,800,1.649,0,2511,100,226,80,0,0,0,0,0,20
1860,60000,11.002,130.52,94.07751667,216.8502148,42,132,149,2.483,0,6413,100,959,100,0,0,0,2,5,5
1865,16000,9.68,780.38,45.760125,139.4669014,50,30,30,1.875,0,5254,100,918,100,0,0,1,2,1,2
1866,50001,10.82,220.48,73.71342573,170.9461151,76,85,90,1.8,0,5295,100,840,100,0,0,0,4,3,1
1900,8700,9.071,406.42,66.89850575,95.48159379,45,31,30,3.448,0,4725,100,1181,100,0,0,0,1,0,2
1905,600000,12.206,43.52,74.60746833,248.987914,65,1310,1358,2.263,0,4761,90,1268,85,1,0,0,100,8,14
1966,370000,12.206,5.49,62.24411081,159.238872,60,2065,1800,4.865,0,2843,80,2168,80,0,0,5,0,6,8
1972,83000,11.327,308.22,27.39548193,51.51087913,60,200,150,1.807,0,4002,100,1071,100,0,2,0,0,5,3
1980,7000,8.854,2724.37,67.38414286,225.0630371,42,19,18,2.571,1,5511,100,772,100,0,0,0,1,0,1
1999,66000,11.097,201.14,66.87012121,195.0918241,48,70,74,1.121,0,3236,100,1506,100,0,0,0,5,2,2
2001,16250,9.696,1663.26,137.9582769,315.2852603,60,30,30,1.846,0,2805,100,1374,90,0,0,0,0,2,3
2002,84000,11.339,199.06,148.2625833,265.6420164,45,300,300,3.571,0,7619,100,559,90,0,0,0,0,0,3
2049,225000,12.206,42.03,90.95633778,221.6519125,65,360,270,1.2,0,5524,100,1314,100,0,0,0,0,4,12
2069,30000,10.309,406.42,36.9611,83.14242063,50,31,6,0.2,0,8968,100,197,100,1,0,0,0,0,3
2084,6000,8.7,2724.37,122.6588333,388.1671952,50,7,7,1.167,1,6071,100,807,100,0,0,0,1,0,2
2088,16000,9.68,864.37,108.222,256.9542789,45,50,60,3.75,0,4640,100,888,100,0,0,0,2,2,1
2092,5500,8.613,944.4,49.68690909,135.0062807,50,6,4,0.727,0,1696,100,2048,100,0,0,0,3,1,1
2110,13000,9.473,377.81,99.122,236.8133622,40,16,16,1.231,0,3939,100,1219,100,0,0,0,0,1,3
2125,20000,9.903,869.22,109.09265,339.5347706,40,85,94,4.7,0,6787,100,430,100,0,0,0,2,3,2
2127,250000,12.206,73.78,97.033148,262.6198369,59,450,700,2.8,0,7080,100,571,100,1,1,0,17,20,7
2130,16500,9.711,568.7,72.94624242,130.7518906,45,50,28,1.697,0,7227,100,706,100,0,0,0,7,0,1
2138,250000,12.206,2.55,72.06144,240.6852096,40,1000,1000,4,0,3703,100,1579,100,0,0,0,0,0,7
2168,355000,12.206,4.28,109.0150169,301.2156888,70,1340,1338,3.769,0,3781,100,1451,100,2,0,0,10,10,5
2171,122000,11.712,80.65,21.83422131,72.76738172,60,300,325,2.664,0,3143,100,1149,100,0,0,0,6,6,3
2172,5200,8.556,950.84,40.83173077,115.4195198,45,8,3,0.577,0,884,70,1413,100,0,0,0,2,0,1
2184,10500,9.259,308.22,81.9227619,228.2543551,65,15,90,8.571,0,2372,100,1464,100,0,0,0,1,0,1
2191,39000,10.571,355.61,95.77515385,187.6458244,70,100,100,2.564,0,8876,100,47,0,0,0,0,0,5,3
2202,600000,12.206,46.81,100.3909017,193.3794505,70,1999,2000,3.333,0,4719,100,1169,75,2,0,8,100,20,40
2204,320000,12.206,70.71,80.61897188,261.9284893,60,450,400,1.25,0,782,100,3707,100,0,0,0,20,5,20
2218,32000,10.373,441.57,42.092125,130.444221,64,88,80,2.5,0,1329,75,1997,60,0,0,0,0,0,3
2222,22750,10.032,444.58,52.5469011,175.5066497,60,85,85,3.736,0,1389,100,466,100,0,0,0,0,0,3
2242,6500,8.78,1697.96,41.17676923,56.46051231,45,3,1,0.154,0,7285,100,535,0,0,0,0,1,0,3
2271,10000,9.21,2314.83,92.3131,276.1506073,90,30,35,3.5,1,3248,100,1098,100,0,0,0,0,1,2
2278,116000,11.661,77.89,111.0584224,359.6690486,55,850,850,7.328,0,5408,100,895,100,0,0,3,5,2,4
2285,6800,8.825,2739.65,34.59558824,62.84398529,40,18,4,0.588,0,3705,100,1363,100,0,0,0,0,1,3
2296,18250,9.812,377.5,51.51539726,120.9972592,50,10,10,0.548,0,1729,100,2844,25,0,0,0,1,0,1
2303,106000,11.571,77.89,103.9191887,333.6393522,45,277,277,2.613,0,5756,100,825,100,0,0,5,10,6,3
2317,5500,8.613,69.29,27.99327273,93.49753091,60,20,20,3.636,0,2344,100,2750,100,0,0,0,2,0,3
2319,95000,11.462,221.72,108.8859684,260.1721249,80,300,200,2.105,0,4938,100,901,100,0,2,4,16,0,5
2339,900000,12.206,82.18,304.33021,492.4902933,168,2000,1400,1.556,0,5259,95,967,95,0,8,36,12,6,40
2343,400000,12.206,42.03,95.765395,256.5450957,168,2000,1000,2.5,0,5796,100,952,100,3,1,0,25,20,20
2354,65000,11.082,39.99,74.43263077,219.9595608,45,40,50,0.769,0,1585,45,757,50,0,0,0,2,0,2
2406,28000,10.24,343.4,148.3711071,434.7012305,55,80,174,6.214,0,2976,100,1482,100,0,0,1,1,2,1
2407,10750,9.283,950.84,42.12372093,131.8746699,60,25,90,8.372,0,1143,100,762,100,0,0,0,0,0,1
2411,136000,11.82,86.75,59.86513971,196.8971361,50,240,250,1.838,0,5599,75,705,75,1,4,4,3,3,4
2419,30000,10.309,190.78,52.06633333,173.9015533,60,49,29,0.967,0,208,100,4655,100,0,0,0,0,0,4
2430,48000,10.779,77.15,80.8816875,148.6014095,60,22,22,0.458,0,5231,100,660,90,0,0,2,0,0,6
2433,98000,11.493,111.95,143.0154796,476.68906,70,250,140,1.429,0,3073,100,1774,100,0,0,0,19,5,4
2438,26000,10.166,869.22,36.4745,64.52311277,60,100,50,1.923,0,4866,80,913,90,0,0,0,1,2,3
2461,5000,8.517,2314.83,41.6128,113.6908346,40,12,15,3,0,2952,100,1605,100,0,0,0,1,0,2
2462,8600,9.06,2996.93,41.46325581,132.3024286,50,15,14,1.628,0,2454,100,1865,100,0,0,0,2,0,1
2491,36500,10.505,221.81,114.7072603,335.7758199,168,200,120,3.288,0,1643,100,421,100,0,0,0,3,0,3
2494,168000,12.032,79.48,108.1637619,361.2477284,66,425,300,1.786,0,7479,100,705,100,0,0,0,6,2,7
2517,14500,9.582,2724.37,140.9466207,268.184177,90,33,30,2.069,0,8448,100,668,90,0,0,0,1,0,2
2519,370000,12.206,6.04,67.03682162,179.0679899,60,500,718,1.941,0,4411,100,1457,80,0,0,10,15,3,9
2529,52000,10.859,88.09,67.30938462,193.221008,48,225,272,5.231,0,972,100,1271,100,0,0,0,3,0,4
2545,405000,12.206,5.32,70.06944691,221.1509272,55,610,550,1.358,0,5747,100,552,93,3,5,3,0,9,20
2550,70000,11.156,190.78,63.36571429,211.6414857,55,200,100,1.429,0,646,100,3693,100,0,0,0,5,3,3
2553,235000,12.206,41.82,82.87546383,273.1110507,50,750,1000,4.255,0,6550,100,878,100,2,0,0,4,12,3
2563,8700,9.071,808.04,42.05586207,121.5538099,50,22,35,4.023,0,3107,100,1249,100,0,0,0,1,0,1
2586,700000,12.206,89.9,70.40385857,187.759107,59,2000,1500,2.143,0,2308,100,235,100,0,0,0,30,10,40
2620,19250,9.865,807.37,71.99215584,240.4538005,50,32,35,1.818,0,3051,100,2121,100,0,0,0,0,2,1
2624,72000,11.184,242.54,108.6882083,311.3962431,50,265,240,3.333,0,1121,75,1736,75,0,0,0,10,2,6
2625,40000,10.597,88.09,62.455725,208.6021215,50,75,60,1.5,0,2002,100,207,100,0,0,0,3,3,2
2631,14500,9.582,869.22,39.61744828,104.230497,50,40,30,2.069,0,9277,100,214,100,0,0,0,3,0,3
2638,295000,12.206,111.95,116.9656576,381.901969,168,300,250,0.847,0,3834,100,1438,100,0,0,0,10,5,3
2658,122000,11.712,77.89,79.66707377,265.9688335,60,300,250,2.049,0,4744,100,1502,100,0,0,0,8,2,4
2659,15750,9.665,2976.63,44.44050794,148.4312965,40,4,21,1.333,0,1141,100,2783,100,0,0,0,0,0,1
2662,255000,12.206,89.9,58.33404314,193.8219074,60,700,500,1.961,0,3148,100,215,100,0,0,0,4,10,20
2663,450000,12.206,25.53,174.3439711,413.6990546,168,1050,900,2,0,7168,100,772,95,3,3,3,100,20,7
2699,45000,10.714,206.11,75.08635556,191.3500736,73,108,71,1.578,0,3674,100,1258,100,0,0,0,3,6,2
2708,28000,10.24,318.61,79.652,173.475412,45,65,70,2.5,0,5997,80,472,80,0,0,0,6,1,3
2740,66000,11.097,221.72,83.81616667,195.9243273,50,125,200,3.03,0,5790,60,745,60,0,0,0,10,1,6
2742,700000,12.206,7.15,214.4752043,368.3105977,40,300,300,0.429,0,7170,100,782,100,4,4,4,0,15,7
2748,120000,11.695,76.17,85.21063333,284.6035153,95,200,200,1.667,0,975,75,3842,100,0,0,1,0,6,5
2764,21000,9.952,181.42,84.05738095,260.2516864,50,100,100,4.762,0,1209,100,573,100,0,0,0,7,2,4
2781,320000,12.206,28.44,219.8799313,564.8517231,168,400,400,1.25,0,5377,100,988,85,1,4,0,0,6,4
2784,205000,12.206,2.27,134.7776341,446.2164724,59,543,700,3.415,0,7128,90,669,90,2,0,7,12,7,4
2797,34500,10.449,564.97,69.0853913,202.0541275,40,88,85,2.464,0,2610,100,2094,100,0,0,0,3,0,3
2802,36000,10.491,706.45,43.12055556,142.9454836,55,23,28,0.778,0,924,100,4049,100,0,0,0,1,1,1
2818,10000,9.21,1945.16,82.3879,275.175586,55,47,46,4.6,0,1425,97,3242,97,0,0,0,5,0,1
2866,18500,9.826,343.4,226.9854054,758.1312541,48,7,5,0.27,0,3311,100,1361,100,0,0,0,3,0,1
2882,205000,12.206,14.75,63.49585854,146.5876065,55,190,190,0.927,0,6255,100,529,80,0,0,0,0,5,9
2926,100000,11.513,243.77,110.1991,264.2363343,60,140,80,0.8,0,5654,100,913,100,0,0,0,0,0,12
2934,104000,11.552,74.65,89.37904808,298.5260206,65,550,525,5.048,0,2352,100,2441,100,0,0,0,0,8,2
2938,200000,12.206,76.17,175.22259,585.0818768,168,300,300,1.5,0,182,0,4724,100,1,0,0,4,5,4
2939,44000,10.692,406.42,149.4905455,352.0053259,80,70,100,2.273,0,5247,100,1041,100,0,0,0,3,2,4
2943,120000,11.695,113.58,53.69306667,90.10388059,72,300,1000,8.333,0,5038,100,1212,80,0,0,0,0,4,20
2944,13000,9.473,364.88,195.4980769,402.8618337,60,31,25,1.923,0,8488,100,692,100,0,0,0,0,2,3
2950,130000,11.775,120.6,138.6900923,346.9660129,50,270,330,2.538,0,4935,100,1262,100,0,0,3,0,3,10
2952,60000,11.002,242.54,40.52236667,122.1649228,50,96,120,2,0,1324,60,467,60,0,0,0,12,0,5
2981,33000,10.404,41.74,68.04663636,202.6033634,50,120,110,3.333,0,908,100,868,100,0,0,0,1,3,2
3001,158000,11.97,77.89,80.84799367,178.7981603,100,630,810,5.127,0,7888,100,687,100,0,1,4,10,4,3
3004,70000,11.156,296.94,140.1373143,462.8745648,40,215,215,3.071,0,4020,100,1694,100,0,0,0,0,0,3
3016,300000,12.206,10.35,92.23987667,191.8345069,60,551,551,1.837,0,5939,100,747,65,2,20,3,15,5,2
3028,12500,9.433,776.54,46.27656,154.5637104,50,34,35,2.8,0,6835,100,750,100,0,0,0,1,0,1
3071,12750,9.453,802.59,120.7153725,231.1297717,168,25,30,2.353,0,7960,100,360,100,0,0,0,1,1,1
3079,15000,9.616,365.45,124.8925333,197.2024631,40,5,6,0.4,0,6602,80,709,80,0,0,0,1,1,2
3086,30000,10.309,331.3,57.8207,155.3982307,60,25,30,1,0,3248,100,1461,90,0,0,0,2,0,1
3093,48000,10.779,364.88,56.78491667,189.6616217,40,53,60,1.25,0,5794,100,812,100,0,0,0,0,1,4
3094,146000,11.891,77.89,79.40631507,258.8227549,55,522,486,3.329,0,5353,100,941,100,1,4,3,8,6,1
3101,360000,12.206,70.71,79.21941389,261.6173819,84,900,1000,2.778,0,1928,0,2679,100,3,3,4,0,14,8
3105,120000,11.695,101.47,51.5032,143.5905939,55,580,225,1.875,0,2266,100,1297,100,0,0,2,9,4,2
3112,9000,9.105,402.35,281.5504444,499.8447767,40,45,45,5,0,5953,100,777,100,0,0,0,6,0,2
3169,425000,12.206,20.54,589.6757271,801.878471,168,500,1500,3.529,0,5934,100,689,100,5,1,30,100,5,3
3173,20500,9.928,780.38,81.35985366,199.009009,50,35,50,2.439,0,6475,100,493,100,0,0,0,0,0,2
3175,41000,10.621,364.88,100.3295122,204.1707181,75,60,40,0.976,0,6818,100,838,100,4,0,0,5,0,5
3193,330000,12.206,5.49,317.4459455,957.0010915,168,2000,900,2.727,0,3064,92,1100,92,3,6,8,7,10,1
3197,13500,9.51,2447.55,37.84125926,85.64021615,40,9,5,0.37,1,5565,33,1298,33,0,0,0,1,0,3
3217,29000,10.275,937.43,309.1519655,420.7434269,70,40,30,1.034,0,8091,100,584,10,0,0,0,4,4,4
3219,70000,11.156,199.06,85.7835,259.4008547,60,375,300,4.286,0,8277,100,560,75,0,0,0,0,0,4
3225,6500,8.78,734.43,55.26123077,184.5725108,40,15,16,2.462,0,3234,100,1386,100,0,0,0,1,0,1
3229,14250,9.565,776.54,39.00133333,91.2778214,45,14,14,0.982,0,5912,80,1273,80,0,0,0,1,0,3
3232,33500,10.419,364.88,101.3843284,213.7576602,60,85,95,2.836,0,6203,100,613,100,0,0,0,0,3,6
3236,7400,8.909,1190.51,94.42175676,169.4667684,60,32,26,3.514,0,5478,100,793,90,0,0,0,1,0,4
3242,385000,12.206,7.02,43.74159221,146.096918,50,796,796,2.068,0,2954,100,2210,85,1,0,0,15,12,20
3245,33500,10.419,113.64,139.5901194,333.6255747,50,200,120,3.582,0,7354,100,491,100,0,0,0,2,1,1
3248,36500,10.505,721.69,62.57320548,107.2094586,40,45,14,0.384,0,7567,33,512,20,0,0,0,1,1,2
3255,13000,9.473,869.22,68.27907692,135.5800129,50,15,15,1.154,0,6408,100,614,85,0,0,0,0,0,1
3257,128000,11.76,74.65,74.58876563,206.05584,168,125,100,0.781,0,2566,70,2311,70,0,0,0,4,5,2
3258,600000,12.206,6.04,68.95900167,183.1941267,55,1150,1010,1.683,0,4825,90,1218,90,1,1,0,24,4,14
3287,28000,10.24,214.83,55.03996429,183.8334807,60,22,6,0.214,0,582,100,4153,100,0,0,2,4,0,2
3292,7000,8.854,173.32,114.4535714,272.2099459,48,12,16,2.286,0,5609,100,829,100,0,0,0,1,1,1
3324,600000,12.206,46.81,85.67766833,286.1634122,168,1000,1000,1.667,0,5556,100,915,85,0,0,4,12,15,20
3337,26500,10.185,444.58,65.59524528,161.4222448,45,41,105,3.962,0,1824,100,409,100,0,0,0,1,1,1
3341,75000,11.225,80.53,139.1567333,345.6935993,60,100,10,0.133,0,5289,100,859,100,1,0,10,15,2,5
3368,18000,9.798,869.22,45.50261111,55.025076,50,25,26,1.444,0,6103,97,535,97,0,0,2,3,0,1
3373,435000,12.206,5.59,45.56057011,152.1723042,55,1000,1000,2.299,0,2450,100,2607,100,1,3,0,10,6,10
3391,14750,9.599,2447.55,62.15661017,191.3028794,55,26,33,2.237,1,6197,100,864,100,0,0,0,2,0,2
3396,162000,11.995,228.2,82.21638889,132.3877533,78,110,135,0.833,0,4021,90,1412,87,0,0,0,6,3,4
3407,82000,11.314,242.54,87.33865854,286.331378,40,250,300,3.659,0,2583,100,223,100,0,0,0,7,1,5
3454,9400,9.148,352.05,67.36882979,142.7971083,40,13,14,1.489,0,5937,100,919,100,0,0,0,2,0,2
3457,15750,9.665,3500.24,134.4421587,244.1510959,60,30,25,1.587,0,5370,100,396,100,0,0,0,1,1,2
3469,10000,9.21,2739.65,39.895,93.1783125,100,40,20,2,0,4733,100,1052,80,0,0,0,0,0,2
3473,10001,9.21,869.22,192.1479852,441.0820024,168,25,40,4,0,4759,100,464,100,0,0,0,2,0,1
3484,93000,11.44,116.76,173.4268925,578.8983502,40,135,85,0.914,0,4632,100,1177,100,0,0,0,3,5,3
3488,54000,10.897,72.3,99.69755556,268.8831775,45,173,250,4.63,0,6166,100,751,100,0,0,0,3,2,2
3491,168000,12.032,76.17,53.97872619,179.9042458,70,475,500,2.976,0,1529,100,2798,100,0,0,0,0,0,10
3526,28500,10.258,190.78,115.3920351,385.4093972,55,60,50,1.754,0,1387,100,3694,100,0,0,0,3,1,3
3556,97000,11.482,87.5,108.3392371,355.6730673,168,275,300,3.093,0,838,100,2590,100,0,0,0,0,1,5
3557,7000,8.854,2544.74,92.514,308.99676,66,7,8,1.143,1,1464,100,3021,100,0,0,0,1,1,1
3591,10750,9.283,364.88,69.06204651,230.6672353,40,60,25,2.326,1,6083,100,612,100,0,0,0,0,0,3
3612,9400,9.148,780.38,78.92510638,230.6384668,45,37,46,4.894,0,5301,100,923,100,0,0,0,2,0,1
3614,122000,11.712,86.75,67.6182623,141.6429537,45,350,300,2.459,0,5201,100,1123,100,1,3,5,0,0,5
3617,36500,10.505,406.42,84.54353425,202.883942,79,53,27,0.74,0,3951,100,1253,98,2,0,3,4,3,1
3621,85000,11.35,116.76,100.2210824,334.5186917,54,330,120,1.412,0,7078,85,696,85,0,0,2,0,2,3
3630,18000,9.798,406.42,38.79816667,87.70219344,40,20,15,0.833,0,5439,100,496,75,0,0,0,2,0,2
3670,365000,12.206,5.27,107.4882521,209.2619742,66,814,850,2.329,0,5966,100,893,100,0,0,0,10,20,14
3673,280000,12.206,25.53,218.2200036,399.4738907,50,600,500,1.786,0,6660,100,583,90,0,0,6,0,6,8
3695,5700,8.648,776.54,50.30087719,76.13787877,60,5,9,1.579,0,6627,90,585,50,0,0,0,2,0,3
3710,180000,12.101,86.75,75.89512778,225.9179374,60,300,1000,5.556,0,5786,100,825,90,2,2,4,6,6,2
3723,270000,12.206,82.18,104.5212852,252.9818631,45,700,700,2.593,0,4813,100,1247,100,0,0,0,0,5,11
3735,5900,8.683,780.38,156.0877966,173.1718936,40,18,10,1.695,0,6556,100,593,100,0,0,0,1,0,3
3745,11750,9.372,869.22,42.18757447,138.7335153,40,24,24,2.043,0,5613,80,969,90,0,0,0,1,0,4
3752,36000,10.491,444.58,102.0127222,340.7224922,60,200,400,11.1,0,1117,100,1758,100,0,0,0,3,2,4
3755,93000,11.44,69.29,148.6045806,484.0303416,168,750,300,3.226,0,2493,100,2507,100,0,0,0,6,10,2
3772,19000,9.852,864.37,20.34415789,67.94948737,168,20,8,0.421,0,5986,100,975,100,0,0,0,0,0,1
3789,198000,12.196,79.48,81.96676768,273.4644213,40,709,709,3.581,0,4499,96,1261,96,1,0,1,5,8,6
3802,11500,9.35,706.3,77.76626087,164.9704189,50,34,48,4.174,0,7134,100,318,100,0,0,0,3,0,2
3812,205000,12.206,95.2,103.5939024,339.283355,68,1200,1200,5.854,0,900,100,2007,100,0,0,0,11,20,11
3816,9800,9.19,2447.55,28.67765306,64.92964235,40,15,13,1.327,0,5283,59,1353,59,0,0,0,1,1,2
3821,122000,11.712,83.38,71.86239344,190.6561547,86,270,245,2.008,0,5851,100,660,100,0,7,0,12,2,2
3832,26500,10.185,869.22,94.59984906,149.8175614,42,14,16,0.604,1,6769,100,248,75,0,0,0,0,0,4
3840,345000,12.206,101.21,287.8332435,813.7410712,168,1300,1400,4.058,0,5384,100,892,100,3,30,1,0,16,4
3853,99000,11.503,80.53,52.06120202,132.1285247,45,80,31,0.313,0,5547,100,1032,100,0,0,0,0,0,1
3859,10250,9.235,869.22,84.15707317,185.8524195,40,16,19,1.854,0,6611,100,441,25,0,0,0,2,1,2
3880,104000,11.552,214.44,38.48096154,128.5264115,50,300,300,2.885,0,8662,100,666,80,0,0,0,4,3,5
3904,16250,9.696,807.37,10.67612308,35.65825108,45,45,50,3.077,0,216,0,3777,100,0,0,0,0,0,4
3911,102000,11.533,77.89,68.4722549,208.2526511,70,250,250,2.451,0,6473,100,789,100,0,0,0,10,4,6
3927,305000,12.206,46.81,137.2224918,385.6261502,60,1400,1400,4.59,0,5938,100,669,100,3,4,3,0,16,4
3969,23750,10.075,1575.16,72.11086316,240.8502829,60,117,117,4.926,0,648,100,3072,100,0,0,0,6,2,2
3970,300000,12.206,46.81,198.7098867,458.4017789,168,2000,2000,6.667,0,5293,100,960,100,1,0,0,0,0,20
4006,15750,9.665,781.6,15.06425397,27.76923238,53,4,1,0.063,0,6795,100,487,20,0,0,0,1,0,1
4032,194000,12.176,77.89,21.89046392,35.42165001,45,30,20,0.103,0,7595,100,558,100,0,0,0,3,0,5
4039,12500,9.433,419.28,71.20312,211.0002266,40,13,9,0.72,0,2787,100,1806,100,0,0,0,2,1,1
4045,8300,9.024,864.37,79.05686747,191.8171222,88,15,17,2.048,0,5769,100,824,100,0,0,0,0,0,3
4060,14500,9.582,364.88,145.8696552,275.1058577,45,60,60,4.138,0,6268,100,641,100,0,1,0,4,0,4
4088,240000,12.206,88.66,72.77607083,196.8355373,100,300,250,1.042,0,2657,100,2584,100,1,0,0,0,12,3
4104,24000,10.086,444.58,102.43925,278.2281913,60,125,99,4.125,0,1713,100,1458,100,0,0,0,0,4,2
4128,20750,9.94,706.3,51.05681928,170.5297764,45,51,55,2.651,0,6632,100,858,100,0,0,0,5,2,2
4152,700000,12.206,5.32,110.50652,199.7792219,50,1450,1600,2.286,0,4606,100,142,100,1,4,1,40,14,7
4156,400000,12.206,38.33,110.11966,367.3149429,40,341,253,0.633,0,270,0,4336,95,1,0,0,28,0,8
4161,250000,12.206,28.58,105.592648,275.5728387,168,550,500,2,0,5947,100,858,100,0,0,0,2,0,20
4198,99000,11.503,88.09,66.68523232,206.1291991,56,300,100,1.01,0,1053,75,2238,100,0,0,0,6,0,10
4216,275000,12.206,46.81,88.82869818,288.9648712,50,750,750,2.727,0,6099,75,599,75,0,0,0,0,10,20
4224,265000,12.206,28.46,109.7533698,355.9994462,60,600,500,1.887,0,2481,100,1368,100,3,0,4,0,12,3
4225,35000,10.463,317.7,43.59522857,79.05567394,65,20,14,0.4,0,6618,100,715,100,0,0,0,2,1,3
4236,148000,11.905,393.08,202.4355878,393.3057642,45,175,155,1.047,0,6014,100,915,95,7,3,10,12,5,2
4245,45000,10.714,199.06,188.0552,388.8055385,60,250,205,4.556,1,8900,100,605,100,0,0,0,5,5,2
4302,142000,11.864,86.27,130.1499859,322.868178,62,600,500,3.521,0,5524,100,796,100,0,8,0,0,8,1
4312,45000,10.714,406.42,85.56213333,183.3077098,73,130,59,1.311,0,5779,100,624,65,0,0,0,2,1,2
4313,126000,11.744,123.04,62.31018254,206.6375425,55,250,585,4.643,0,4740,100,861,100,0,0,0,4,0,5
4320,23250,10.054,807.37,97.85273118,321.7339145,40,20,42,1.806,0,1476,100,2910,100,1,0,1,25,1,1
4322,9000,9.105,402.35,98.85055556,216.8160821,40,6,7,0.778,0,5886,100,971,50,0,0,0,1,0,1
4329,5200,8.556,2447.55,80.22596154,267.9547115,38,12,17,3.269,1,4627,100,1222,100,0,0,0,1,0,1
4331,65000,11.082,807.37,5.875153846,19.62301385,60,60,60,0.923,0,148,0,5446,40,0,0,0,0,2,4
4339,82000,11.314,221.72,85.05058537,229.6633356,66,100,100,1.22,0,4091,80,313,80,0,0,0,0,0,5
4342,80000,11.29,242.54,48.653575,140.2982606,40,100,100,1.25,0,1718,100,716,100,0,0,0,0,0,3
4352,33000,10.404,242.54,18.66209091,62.33138364,168,65,100,3.03,0,1242,100,709,100,0,0,0,0,0,2
4353,43000,10.669,73.78,172.4664884,432.5216831,50,30,50,1.163,0,7914,100,558,100,0,0,0,0,3,6
4356,8000,8.987,377.5,31.39725,104.866815,50,4,3,0.375,0,330,100,4310,100,0,0,0,0,0,1
4367,5300,8.575,2314.83,105.9509434,300.4388675,40,5,2,0.377,0,3213,100,1567,100,0,0,0,2,0,1
4376,12000,9.393,2226.65,10.71108333,35.77501833,40,4,3,0.25,0,781,80,4335,40,0,0,0,0,1,1
4399,5000,8.517,2546.83,39.7718,82.435379,46,2,2,0.4,0,3441,100,1507,50,0,0,0,1,0,2
4402,14750,9.599,780.38,171.8816949,261.5128239,45,34,42,2.847,0,6230,100,930,100,0,0,0,2,2,2
4410,94000,11.451,72.3,47.05430851,157.1613904,65,200,190,2.021,0,4986,100,1589,100,0,0,0,0,0,6
4426,176000,12.078,76.17,42.54134659,132.2140227,60,500,78,0.443,0,1831,100,2304,100,3,6,0,8,2,7
4434,62000,11.035,39.99,95.80533871,253.3851363,45,75,80,1.29,0,1682,90,672,90,2,0,4,15,2,2
4450,27000,10.204,377.81,40.0517037,87.94453759,45,66,60,2.222,0,3421,100,1232,100,0,0,0,2,1,1
4458,72000,11.184,88.09,97.28591667,320.502306,50,250,70,0.972,0,983,50,1700,100,0,0,0,3,1,9
4470,5800,8.666,2996.93,60.62086207,151.0752936,40,36,21,3.621,0,2030,100,653,100,0,0,0,1,0,1
4480,5400,8.594,2383.83,51.14185185,106.107873,40,10,12,2.222,0,6498,100,643,100,0,0,0,1,0,1
4490,55000,10.915,190.78,76.72056364,256.2466825,55,200,50,0.909,0,955,100,3638,100,0,1,0,0,5,3
4505,32500,10.389,780.38,67.21206154,184.5242971,45,16,23,0.708,1,4216,100,1530,100,0,0,0,0,0,2
4507,67000,11.112,221.72,74.5051791,140.4028935,60,120,120,1.791,0,5723,100,746,100,0,0,3,3,1,4
4519,6000,8.7,2996.93,25.01966667,83.56568667,40,8,4,0.667,0,1068,100,1703,90,0,2,0,0,0,2
4529,100000,11.513,80.53,115.2449,383.6867707,168,450,500,5,0,6304,100,580,100,2,0,0,20,6,3
4534,39000,10.571,780.38,236.0219744,691.1556331,45,235,263,6.744,0,4786,100,934,95,0,0,0,5,5,3
4536,68000,11.127,80.53,85.59229412,212.2961621,110,203,220,3.235,0,4160,100,311,100,0,0,0,3,8,3
4555,235000,12.206,46.81,129.3575915,363.8772208,168,1224,1200,5.106,0,6984,100,404,98,4,2,12,6,5,4
4562,100000,11.513,80.53,107.84682,274.1108377,168,330,320,3.2,0,6309,100,794,99,0,0,0,9,6,3
4565,22000,9.999,869.22,132.2944545,340.0129657,168,110,120,5.455,0,5807,100,579,20,2,0,0,20,2,3
4576,7800,8.962,2459.66,60.29961538,147.2086001,40,25,20,2.564,0,7912,100,900,100,0,0,0,1,1,2
4591,58000,10.968,469.34,107.2826207,243.5355033,50,60,15,0.259,0,5909,0,737,33,0,0,2,0,1,1
4596,11750,9.372,2459.66,86.97310638,130.0144155,45,5,6,0.511,1,7972,100,362,100,0,0,0,1,0,3
4611,18250,9.812,364.2,94.19506849,275.2186109,80,150,55,3.014,0,1263,100,2762,100,0,0,0,0,1,3
4622,300000,12.206,42.03,99.23759667,221.7219923,66,500,270,0.9,0,5585,100,759,100,2,0,0,40,10,20
4674,6000,8.7,869.22,140.2608333,332.8516983,60,50,20,3.333,0,5957,100,734,0,0,0,0,0,0,3
4700,285000,12.206,73.78,62.69194737,106.7824159,40,280,225,0.789,0,8131,100,702,20,0,0,0,0,7,3
4707,31500,10.358,406.42,97.74368254,172.6634361,50,40,40,1.27,0,5793,100,657,100,2,0,0,2,1,4
4722,93000,11.44,88.09,43.09624731,116.0554547,50,555,250,2.688,0,2120,100,1477,100,0,0,0,4,0,3
4731,73000,11.198,242.54,73.33417808,219.5804014,168,180,150,2.055,0,2659,100,181,100,0,0,0,6,0,9
4733,120000,11.695,261.29,52.85956667,152.5023405,40,125,125,1.042,0,1801,100,304,100,0,0,0,0,0,3
4735,9800,9.19,864.37,89.0005102,184.7504047,40,20,18,1.837,0,6308,100,528,100,0,0,0,0,0,1
4773,500001,12.206,39.55,98.98127404,330.5974553,67,1100,1000,2,0,1908,100,1445,100,0,0,0,20,10,20
4801,600000,12.206,42.03,149.4268417,403.8254576,60,2500,2000,3.333,0,8353,100,650,100,1,0,6,140,25,6
4810,6700,8.81,734.43,57.65134328,126.113773,50,4,6,0.896,0,2946,100,2084,100,0,0,0,2,0,2
4811,600000,12.206,73.78,198.10829,539.8051784,40,1820,1820,3.033,0,6307,100,673,100,0,0,0,0,30,5
4822,32500,10.389,364.88,19.16683077,44.66083763,50,88,100,3.077,0,6074,80,763,80,0,0,0,4,0,3
4835,6300,8.748,2724.37,51.16365079,140.1159895,70,4,8,1.27,0,8797,100,690,24,0,0,0,1,0,1
4858,38500,10.558,802.59,34.52971429,67.16942886,48,7,10,0.26,0,4839,100,1262,100,0,0,0,4,0,2
4880,32000,10.373,190.78,52.88825,176.646755,50,75,75,2.344,0,1387,100,3136,100,0,0,0,6,2,5
4882,10250,9.235,860.43,68.66858537,133.1522176,40,15,15,1.463,0,6365,100,629,100,0,0,0,2,0,1
4884,15000,9.616,363.08,67.42126667,162.8541885,40,17,35,2.333,0,4727,100,1480,100,0,0,0,3,0,1
4888,11000,9.306,2724.37,78.82836364,263.2867345,55,27,30,2.727,0,6662,100,855,100,0,0,0,1,1,2
4898,26000,10.166,406.42,82.21142308,154.490719,70,40,60,2.308,0,3736,100,296,30,0,0,0,2,2,2
4903,130000,11.775,88.53,147.0827385,307.2506553,60,225,262,2.015,0,5307,100,1054,100,0,0,0,20,4,4
4927,10250,9.235,343.4,53.78330089,159.8538624,45,19,26,2.537,0,3256,75,1933,75,0,0,0,2,1,2
4931,126000,11.744,77.89,44.45976984,148.4956313,50,350,350,2.778,0,7904,100,759,100,0,0,0,12,5,5
4948,415000,12.206,24.59,133.9225831,421.1773104,91,1350,1500,3.614,0,1014,100,2756,100,4,1,12,28,9,40
4972,118000,11.678,86.27,149.8036441,455.2716071,120,650,750,6.356,0,6131,100,838,100,2,1,3,3,7,3
4975,10000,9.21,1208.33,107.1222,195.849653,40,42,45,4.5,0,4117,100,1407,75,0,0,0,1,1,4
5010,410000,12.206,6.04,86.66983659,235.2530793,60,20,20,0.049,0,4014,80,1364,80,0,0,0,0,1,10
5015,40000,10.597,377.81,56.447575,146.2828214,50,70,80,2,0,3219,100,1241,100,0,0,0,3,2,2
5020,10750,9.283,830.48,87.17730233,199.1377821,40,25,25,2.326,0,6147,100,823,100,0,0,0,1,0,1
5028,8300,9.024,2314.83,89.35662651,298.4511325,46,20,15,1.807,1,3440,100,845,100,0,0,0,1,1,3
5053,17500,9.77,869.22,104.8874857,208.3441318,40,25,40,2.286,0,5699,100,696,100,0,0,0,2,0,2
5059,15000,9.616,2724.37,85.05846667,231.1083289,54,60,87,5.8,0,7117,100,603,100,0,0,0,6,2,1
5063,5500,8.613,776.54,77.92872727,221.7695909,45,16,19,3.455,0,8993,100,718,100,0,0,0,2,1,1
5067,600000,12.206,51.21,51.06673167,141.7461844,60,1900,1700,2.833,0,2386,99,228,25,4,0,0,100,10,40
5070,600000,12.206,43.52,49.946435,166.7699261,95,915,1163,1.938,0,4264,71,1320,71,2,1,16,15,3,20
5077,132000,11.791,96.84,92.45059091,286.0506745,168,750,750,5.682,0,841,30,1330,80,0,0,0,3,2,11
5086,28000,10.24,88.09,59.29610714,170.3470192,65,100,100,3.571,0,907,100,730,100,0,0,0,0,3,2
5104,52000,10.859,419.28,40.23205769,120.1860328,50,100,60,1.154,0,3631,100,1041,100,0,0,0,0,2,3
5116,330000,12.206,5.49,72.84896061,212.4843021,50,225,230,0.697,0,4183,100,1097,100,1,0,0,0,0,4
5117,94000,11.451,199.06,70.99398936,137.1267561,65,165,165,1.755,0,5562,100,818,100,0,0,0,0,1,4
5131,12000,9.393,456.4,120.3794167,302.6577634,168,60,50,4.167,0,6017,100,528,100,0,0,0,0,2,2
5146,140000,11.849,94.9,48.3609,132.8111668,55,400,400,2.857,0,752,90,1935,90,0,0,0,0,3,10
5147,5000,8.517,396.61,115.878,205.0926006,168,2,3,0.6,0,4228,65,1429,65,0,0,0,1,0,4
5149,5300,8.575,2544.74,82.84792453,200.2136942,40,6,5,0.943,0,1953,100,2501,100,0,0,0,0,0,1
5155,8000,8.987,734.43,81.077875,199.8776125,50,27,26,3.25,0,3065,100,2272,100,0,0,0,1,0,1
5206,24750,10.117,221.72,98.36262626,220.1081259,168,50,40,1.616,0,6378,100,616,30,0,0,0,4,6,2
5265,8900,9.094,402.35,47.20202247,77.96656404,40,14,14,1.573,0,7343,100,724,100,0,0,0,1,0,1
5290,16000,9.68,807.37,111.2480625,313.9884979,44,40,61,3.813,0,1679,100,2870,90,0,0,0,2,3,2
5294,188000,12.144,83.38,96.48809043,296.9393291,112,500,500,2.66,0,4938,100,979,85,0,0,0,8,2,2
5298,56000,10.933,308.22,82.18839286,270.2475119,45,160,160,2.857,0,3671,100,1320,100,0,0,0,5,1,3
5312,164000,12.008,123.07,82.2792622,236.6856719,80,250,200,1.22,0,3076,95,1913,95,0,0,0,4,5,5
5335,5000,8.517,2739.65,124.6026,299.1510142,70,50,12,2.4,0,8229,100,599,100,0,0,0,1,1,1
5349,140000,11.849,86.75,83.3171,244.6849206,50,250,500,3.571,0,5240,83,839,83,0,0,0,6,7,4
5351,280000,12.206,24.15,87.78010714,293.070148,55,700,480,1.714,0,3251,100,1257,100,0,1,0,25,3,20
5354,8000,8.987,2459.66,18.585625,62.0759875,50,10,10,1.25,0,7082,70,1047,50,0,0,0,1,0,4
5355,8300,9.024,402.35,94.62457831,175.796266,50,9,10,1.205,0,6604,100,515,100,0,0,0,1,0,1
5357,13000,9.473,808.04,46.038,67.11409723,40,1,3,0.231,0,3740,95,1276,60,0,0,0,3,0,3
5364,450000,12.206,1.17,122.4743178,375.2268382,40,750,900,2,0,7296,100,533,100,10,1,5,5,20,4
5366,51000,10.84,88.09,67.19370588,157.8108316,45,98,112,2.196,0,925,50,1453,100,0,0,0,6,0,4
5367,102000,11.533,77.89,66.04952941,220.6054282,60,150,50,0.49,0,6135,100,820,100,0,0,0,0,3,7
5380,12000,9.393,869.22,73.87758333,195.6672922,66,70,35,2.917,0,5742,75,1178,75,0,0,0,2,1,3
5381,19750,9.891,444.58,40.89043038,136.5740375,53,48,48,2.43,0,1020,100,791,100,0,0,0,6,0,3
5418,16250,9.696,377.81,109.4950769,284.0400013,45,54,64,3.938,1,5673,100,713,100,0,0,0,3,2,2
5431,24250,10.096,406.42,205.0940619,322.5148408,53,75,51,2.103,0,6505,12,523,100,0,0,0,3,0,4
5437,7700,8.949,679.47,48.04818182,90.23383,45,10,8,1.039,0,6218,100,701,100,0,0,0,2,0,3
5441,98000,11.493,115.1,79.07544898,227.854266,50,125,130,1.327,0,2536,100,1676,100,0,0,0,6,2,2
5449,18500,9.826,780.38,109.5624324,161.4900583,50,28,30,1.622,0,7225,80,830,60,0,0,0,2,0,5
5462,48500,10.789,140.65,17.5902268,39.67291404,60,1,10,0.206,0,7218,25,521,40,0,0,0,0,0,7
5478,16750,9.726,402.35,148.4055522,323.634943,168,46,32,1.91,0,6093,100,516,75,0,0,0,1,1,3
5480,25000,10.127,406.42,65.83456,107.76811,70,25,25,1,0,4672,100,867,100,0,0,1,1,2,2
5492,260000,12.206,7.15,70.77270933,176.1500748,52,300,300,1.154,0,5320,100,961,75,0,0,11,28,4,20
5494,136000,11.82,74.65,105.5471397,294.7134475,45,500,400,2.941,0,2769,100,2198,100,0,0,0,0,0,4
5519,400000,12.206,73.78,46.5799675,128.30227,50,1600,1880,4.7,0,4909,100,898,100,2,7,3,20,20,7
5536,76000,11.238,221.72,262.9040263,559.9695229,168,80,80,1.053,0,6845,50,725,50,0,0,15,6,2,5
5553,800000,12.206,57.56,42.700405,136.0909381,66,2000,2000,2.5,0,2684,100,195,100,0,0,0,0,25,40
5564,41500,10.633,221.81,84.72549398,239.0055095,40,70,80,1.928,0,1411,100,441,100,0,0,0,0,0,4
5579,136000,11.82,43,162.4126691,239.7947119,84,80,80,0.588,0,4948,100,1013,100,0,0,0,0,0,8
5582,15500,9.649,780.38,53.40290323,128.0031324,40,50,50,3.226,0,5511,100,965,100,0,0,0,1,0,2
5600,600000,12.206,5.32,34.61240333,70.70320905,55,600,600,1,0,1813,90,224,0,0,0,2,30,4,20
5603,69000,11.142,80.53,12.36692754,32.72627991,60,246,99,1.435,0,5139,100,897,100,0,0,0,2,0,1
5608,50000,10.82,199.06,134.63492,280.814228,50,100,100,2,0,8234,100,762,100,0,0,0,3,1,3
5629,35000,10.463,406.42,58.06634286,157.2037288,50,108,160,4.571,0,6211,100,593,100,0,0,0,3,2,1
5668,28500,10.258,221.72,53.92652632,79.90481333,45,31,31,1.088,0,7488,100,223,60,0,0,0,2,0,3
5673,6800,8.825,2141.61,118.8023529,269.1741765,50,8,10,1.471,1,5803,100,707,100,0,0,0,2,0,2
5683,15000,9.616,864.37,96.81913333,176.3616559,72,20,36,2.4,0,5423,100,986,100,0,0,0,2,2,1
5691,15750,9.665,944.4,44.44050794,148.4312965,40,14,15,0.952,0,1008,100,3131,100,0,0,0,0,0,1
5706,5000,8.517,2459.66,147.3116,181.4274736,40,4,6,1.2,0,8581,50,378,25,0,0,0,0,0,4
5731,10000,9.21,869.22,49.4073,116.806523,103,19,10,1,0,4959,100,807,100,0,0,0,2,2,1
5736,152000,11.932,77.89,155.3160132,296.2877303,84,60,30,0.197,0,6763,100,888,15,0,0,0,3,5,2
5744,10000,9.21,734.43,206.5446,589.9527247,45,45,40,4,1,3260,100,1267,100,0,0,0,0,1,2
5746,90000,11.408,116.76,91.45943333,305.2949679,72,125,175,1.944,0,5716,100,800,100,0,0,0,5,1,3
5784,22500,10.021,377.81,43.79146667,95.33586676,45,4,8,0.356,0,5163,100,998,50,0,0,4,2,2,1
5799,63000,11.051,308.22,87.06928571,224.2231113,50,75,87,1.381,0,3238,100,1839,100,0,0,0,11,1,3
5802,86000,11.362,221.72,136.1125698,386.8411621,168,45,70,0.814,0,3908,100,312,100,0,0,0,2,4,2
5805,285000,12.206,40.28,94.8524807,309.5922685,66,700,700,2.456,0,1561,100,3300,100,0,0,4,0,0,20
5807,60000,11.002,406.42,58.09288333,112.2572884,50,40,36,0.6,0,8530,100,458,40,0,0,0,4,0,4
5815,24000,10.086,404.15,378.3078333,1133.54328,168,100,150,6.25,0,5913,100,558,100,0,0,0,1,3,2
5844,43000,10.669,199.06,88.50132558,212.9559873,52,120,200,4.651,0,5361,100,640,70,0,0,0,3,3,3
5848,260000,12.206,11.64,58.41105385,159.1699327,168,400,250,0.962,0,8251,100,669,90,0,0,0,12,6,6
5850,14500,9.582,132.45,99.38986207,237.2683555,55,24,45,3.103,0,979,44,1286,80,0,0,0,1,2,3
5851,146000,11.891,77.89,165.7098767,332.2025348,61,420,400,2.74,0,6222,100,773,100,0,0,0,15,3,3
5876,5000,8.517,2141.61,88.2194,172.5244058,39,3,5,1,0,6220,100,698,10,0,0,1,2,0,1
5886,600000,12.206,46.81,39.29597,74.04924448,50,1700,1500,2.5,0,6461,95,992,95,0,0,0,12,20,40
5895,34000,10.434,568.7,72.943,98.89208794,70,150,125,3.676,0,5386,100,920,100,0,0,0,6,0,5
5907,370000,12.206,6.04,153.5582649,409.824612,78,300,300,0.811,0,4179,99,1312,100,3,3,4,50,3,12
5924,19250,9.865,377.81,46.83044156,115.6751453,50,32,60,3.117,0,3284,95,1201,95,0,0,0,1,2,1
5932,15000,9.616,1063.17,207.5872667,486.3054707,40,23,121,8.067,0,2445,100,2023,100,0,0,0,2,3,2
5936,7500,8.923,2314.83,96.19626667,259.16746,40,32,34,4.533,0,3785,90,1351,90,0,0,0,4,1,2
5952,17750,9.784,406.42,115.9079437,210.8584475,40,41,50,2.817,0,5511,100,514,100,0,0,0,0,1,3
5954,280000,12.206,25.53,94.63949286,240.518708,168,745,1000,3.571,0,7058,73,771,73,3,0,0,0,9,8
5972,30000,10.309,221.72,124.4194,260.4453493,64,155,100,3.333,0,5999,100,739,100,0,0,0,0,0,3
6019,18000,9.798,864.37,59.15177778,164.9820065,40,75,77,4.278,0,4705,100,950,100,0,0,0,2,2,2
6038,5700,8.648,2739.65,55.69157895,171.8668911,50,8,6,1.053,1,6985,75,577,75,0,0,0,1,0,3
6057,96000,11.472,80.53,69.70694792,231.9796634,168,400,550,5.729,0,4460,100,245,100,0,0,0,24,6,3
6059,50000,10.82,199.06,224.21174,468.9573059,50,170,170,3.4,0,7682,100,876,100,0,0,0,1,2,3
6070,19250,9.865,780.38,84.88987013,176.2703909,55,34,34,1.766,0,7936,100,476,100,0,0,0,5,1,3
6077,415000,12.206,40.28,86.78052048,289.8469384,65,1000,1000,2.41,0,1363,100,2982,100,1,0,0,0,5,6
6119,20000,9.903,776.54,68.33435,95.30429605,37,8,9,0.45,1,8663,100,730,95,0,0,0,0,0,3
6120,600000,12.206,24.15,145.5544633,480.5416549,66,1800,2000,3.333,0,5477,100,1027,100,2,3,3,30,10,13
6128,9000,9.105,864.37,41.45466667,138.4585867,40,15,20,2.222,0,5616,100,883,95,0,0,0,1,0,1
6157,84000,11.339,113.64,70.55888095,222.16324,40,215,500,5.952,0,6681,100,658,100,0,0,1,12,0,1
6180,6000,8.7,2463.5,20.74266667,69.28050667,48,18,30,5,0,5740,100,912,100,0,0,0,1,0,2
