BldgID,Area,ADJWT,SourceEUI,UnitDen,CapFactor,LiftDen,WkrDen,PcDen,CFDen,CWDen,RWDen,RWDenT,CDD,HDD,CoolP,HeatP
1,80425,182.9,213.7,1.231,70,0,0.187,0.187,0.05,0.025,0.062,0.062,932,4915,100,100
2,57600,182.9,96.9,0.903,35,0,0.122,0.052,0.069,0.035,0.139,0.139,1141,4648,100,100
3,50684,182.9,163.9,0.848,76,0.02,0.217,0.099,0.039,0,0.158,0.158,652,7758,100,100
4,25000,182.9,226,2.36,91,0,0.48,0.24,0.2,0.12,0.08,0.08,591,5779,100,100
5,29362,182.9,124.2,1.975,100,0,0.443,0.238,0.068,0,0.136,0.136,834,5331,100,100
6,8426,182.9,379.4,3.204,94,0,1.424,0.237,0.356,0.119,0.119,0.119,391,9099,40,100
7,23930,182.9,165,1.839,72,0,0.418,0.209,0.084,0,0.125,0.125,834,5331,100,100
8,70812,182.9,241.3,1.539,97,0,0.621,0.141,0.042,0,0.085,0.085,932,4915,100,100
9,24900,182.9,188.8,1.807,94,0,0.402,0.201,0.161,0.08,0,0,378,6168,100,100
10,79000,182.9,162.4,1.316,74,0,0.316,0.19,0.038,0,0.101,0.101,514,6806,100,100
11,157203,182.9,113.8,1.361,97,0,0.165,0.083,0.006,0.083,0,0,653,6572,100,100
12,131852,182.9,273,1.198,76,0,0.501,0.129,0.038,0.03,0.038,0.038,892,5421,100,100
13,24397,182.9,75.1,1.844,92,0,0.615,0.164,0.164,0.123,0,0,834,5331,95,95
14,125926,182.9,266.8,1.525,96,0,0.381,0.246,0.048,0.024,0.048,0.048,1105,4675,100,100
15,100000,182.9,254.5,1.04,88,0,0.31,0.2,0.06,0.03,0.05,0.05,932,4915,100,100
16,196323,182.9,287.9,1.263,94,0,0.168,0.407,0.025,0.015,0.031,0.031,908,4721,100,100
17,144000,182.9,197.9,1.688,98,0,0.556,0.278,0.042,0.028,0.056,0.056,1105,4675,100,100
18,49439,182.9,316.1,1.274,96,0.081,0.728,0.263,0.081,0.04,0.101,0.101,1746,2806,100,100
19,28750,182.9,136.4,1.252,67,0,0.522,0.104,0.07,0.035,0.035,0.035,647,6080,100,100
20,24897,182.9,373.5,1.647,97,0.08,1.807,0.402,0.08,0.08,0,0,2450,1622,100,100
21,22500,182.9,602,3.467,80,0,1.111,0.356,0.133,0.089,0.267,0.16,932,4915,100,100
22,80724,1.5,170.4,1.202,97,0,0.235,0.062,0.025,0.012,0.099,0.099,514,6806,100,100
23,25886,1.5,92.2,1.893,87,0,0.579,0.193,0.116,0.116,0.077,0.077,289,5106,50,100
24,60165,1.5,150.3,1.862,92,0,0.548,0.199,0.05,0.017,0.066,0.066,3058,1190,100,100
25,87455,1.5,36.4,1.235,76,0,0.286,0.057,0.023,0,0.137,0.137,445,5763,100,100
26,58400,1.5,28.1,1.353,84,0,0.342,0.086,0.051,0,0.086,0.086,445,5763,100,100
27,70000,1.5,93.3,1.357,81,0,0.371,0.114,0.029,0.029,0.043,0.043,932,4915,100,100
28,51429,1.5,124.6,1.497,71,0,0.408,0.136,0.039,0.019,0.156,0.156,932,4915,100,100
29,63000,1.5,103.1,1.254,93,0,0.397,0.079,0.079,0.016,0.032,0.032,1389,4313,100,100
30,60300,1.5,85.9,1.128,67,0,0.415,0.133,0.1,0.017,0.066,0.066,481,6083,100,100
31,59191,1.5,75.4,1.335,84,0,0.372,0.084,0.051,0.034,0.068,0.068,481,6083,100,100
32,28800,1.5,196.8,2.361,95,0,0.521,0.243,0.104,0,0.174,0.16,838,6263,95,95
33,63000,1.5,116.2,1.508,96,0,0.333,0.111,0.048,0.016,0.111,0.111,481,6083,100,100
34,56500,1.5,394.9,1.398,58,0,0.248,0.106,0.088,0.035,0.053,0.053,2934,1915,100,100
35,65000,1.5,673.9,1.631,92,0,0.338,0.108,0.077,0,0.123,0.123,481,6083,100,100
36,45777,1.5,112.2,2.796,82,0,0.568,0.131,0.066,0,0.087,0.087,307,6690,80,90
37,39117,1.5,91.1,1.994,88,0,0.46,0.179,0.051,0,0.077,0.077,307,6690,100,100
38,55593,1.5,57,1.565,99,0,0.378,0.108,0.072,0,0.072,0.072,301,6847,100,100
39,68224,1.5,189.2,1.422,75,0,0.235,0.103,0.015,0,0.103,0.103,892,5421,95,95
40,108000,1.5,56.3,1.352,97,0,0.148,0.056,0.028,0.009,0.037,0.037,420,5804,100,100
41,66083,1.5,47.3,1.422,100,0,0.242,0.091,0.045,0,0.045,0.045,386,6629,100,100
42,36382,1.5,85,2.391,99,0,0.55,0.165,0.11,0,0.11,0.11,301,6847,100,100
43,31500,1.5,105.4,1.524,100,0,0.476,0.349,0.063,0,0.127,0.127,1458,4501,95,95
44,46000,1.5,89.3,1.652,46,0.022,0.391,0.13,0.065,0.043,0.109,0.109,576,5764,100,100
45,57100,1.5,127.8,1.436,71,0,0.315,0.123,0.07,0.035,0.07,0.07,591,5779,100,100
46,55436,1.5,79.9,1.353,70,0,0.307,0.108,0.054,0.018,0.072,0.072,301,6847,95,100
47,72652,1.5,52.8,1.335,39,0,0.262,0.083,0.041,0,0.083,0.083,208,7338,100,100
48,55298,1.5,140.6,1.483,71,0,0.344,0.127,0.036,0,0.109,0.109,507,6954,100,100
49,86000,1.5,197,1.43,90,0,0.291,0.081,0.058,0.023,0.093,0.093,2944,1061,100,100
50,53993,1.5,86.5,1.389,86,0,0.315,0.111,0.037,0.093,0,0,289,5106,100,100
51,52710,1.5,120.1,2.751,77,0,0.531,0.114,0.057,0.019,0.076,0.076,1105,4675,100,100
52,49966,1.5,135.3,0.881,100,0,0.32,0.2,0.04,0.02,0.06,0.06,1458,4501,95,95
53,27000,1.5,68.2,1.667,93,0,0.667,0.259,0.111,0,0.074,0.074,834,5331,100,100
54,69706,1.5,99.1,1.406,73,0,0.373,0.115,0.029,0.014,0.057,0.057,908,4721,100,100
55,78937,1.5,165,1.343,63,0,0.241,0.114,0.025,0,0.127,0.127,507,6954,100,100
56,68746,1.5,193.7,1.498,82,0,0.364,0.102,0.058,0.029,0.058,0.058,834,5331,100,100
57,34551,1.5,111.3,1.852,60,0,0.579,0.174,0.087,0,0.087,0.087,1092,3984,100,100
58,67434,1.5,115.5,1.438,82,0,0.326,0.089,0.044,0,0.119,0.119,1039,4737,100,100
59,45000,1.5,182.3,1.556,71,0,0.511,0.133,0.044,0,0.133,0.133,834,5331,100,100
60,36019,1.5,113.9,1.527,56,0,0.389,0.139,0.056,0.028,0.028,0.028,1389,4313,100,100
61,93984,1.5,144.5,1.064,78,0,0.149,0.085,0.021,0,0.032,0.032,653,6572,95,95
62,61013,1.5,51.4,1.59,82,0,0.41,0.115,0.049,0,0.131,0.131,431,6144,100,100
63,35751,1.5,138.1,1.818,64,0,0.559,1.566,0.056,0,0.112,0.112,1092,3984,100,100
64,67167,1.5,108,1.474,77,0,0.357,0.089,0.03,0,0.104,0.104,1092,3984,100,100
65,65212,1.5,40.6,1.211,84,0,0.353,0.077,0.046,0,0.092,0.092,445,5763,100,100
66,56372,1.5,194.5,1.242,80,0,0.302,0.089,0.053,0,0.195,0.16,2833,1877,100,100
67,40000,1.5,27.5,1.95,96,0,0.525,0.175,0.075,0,0.075,0.075,307,6690,100,100
68,37800,1.5,87.2,1.64,82,0,0.423,0.159,0.053,0,0.106,0.106,445,5763,100,100
69,45595,1.5,210.9,1.755,92,0,0.351,0.132,0.044,0,0.066,0.066,389,7222,100,100
70,55000,1.5,141.4,1.364,94,0,0.382,0.091,0.036,0,0.109,0.109,380,7368,100,100
71,30012,1.5,118.6,1.933,88,0,0.5,0.2,0.067,0,0.1,0.1,1100,5402,100,100
72,80000,1.5,125.6,1.313,84,0,0.2,0.088,0.038,0.013,0.05,0.05,1039,4737,90,90
73,52000,1.5,127.7,1.423,93,0,0.404,0.115,0.115,0.019,0.077,0.077,1092,3984,100,100
74,43258,1.5,98.9,1.248,92,0,0.37,0.139,0.069,0.023,0.092,0.092,1039,4737,95,95
75,54000,1.5,80.5,1.519,83,0,0.426,0.13,0.019,0,0.093,0.093,307,6690,100,100
76,54000,1.5,38.9,1.519,83,0,0.426,0.13,0.019,0,0.093,0.093,286,7412,100,100
77,35002,1.5,100.8,2.171,93,0,0.571,0.171,0.114,0,0.114,0.114,301,6847,100,100
78,30960,1.5,116.3,2.455,93,0,0.646,0.194,0.129,0,0.129,0.129,257,6664,100,100
79,64756,1.5,30.2,1.467,96,0,0.324,0.108,0.046,0.015,0.108,0.108,420,5804,100,100
80,67129,1.5,128.1,1.475,66,0,0.432,0.074,0.045,0.015,0.074,0.074,1092,3984,100,100
81,42933,1.5,101.6,1.398,56,0,0.326,0.163,0.047,0,0.047,0.047,386,6629,100,100
82,51000,1.5,147.4,1.569,80,0,0.431,0.02,0.078,0.02,0.137,0.137,1039,4737,100,100
83,87500,182.9,19.5,1.097,82,0.011,0.514,0.114,0.023,0.023,0.023,0.023,1072,4696,100,100
84,41482,1.5,101.1,1.856,49,0,0.121,0.289,0.096,0.024,0.072,0.072,332,5901,100,100
85,24964,1.5,238.7,2.243,96,0,0.681,0.16,0.04,0,0.16,0.16,1108,5169,100,100
86,25084,1.5,165.8,2.232,93,0,0.638,0.199,0.08,0,0.159,0.159,1092,3984,100,100
87,27052,1.5,139.1,2.218,91,0,0.628,0.259,0.037,0,0.148,0.148,453,5713,100,100
88,26500,1.5,155.5,1.132,96,0,0.943,0.151,0.038,0.038,0.075,0.075,2488,1993,100,100
89,56068,1.5,131.9,1.373,60,0,0.375,0.054,0.054,0,0.161,0.16,2491,1997,100,100
90,99084,1.5,128.3,1.06,75,0,0.222,0.04,0.061,0.02,0.04,0.04,3398,548,98,98
91,50702,1.5,334.1,1.479,99,0,0.375,0.138,0.138,0.02,0.059,0.059,2934,1915,100,100
92,26500,1.5,199.6,1.132,87,0,0.453,0.302,0.075,0.038,0.113,0.113,2335,1588,95,95
93,30543,1.5,364.6,2.914,94,0,0.589,0.131,0.098,0.033,0.065,0.065,2339,1534,100,100
94,59296,1.5,325.1,2.597,74,0,0.422,0.169,0.051,0.034,0.219,0.16,3398,548,100,100
95,18000,1.5,323.5,1.667,91,0,0.833,0.278,0.111,0.056,0.111,0.111,1992,2300,100,100
96,27275,1.5,223.8,2.2,83,0,0.44,0.22,0.037,0,0.147,0.147,1746,2806,100,100
97,18000,1.5,38.7,2.889,98,0,1,0.333,0.056,0,0.278,0.16,1522,3214,100,100
98,25000,1.5,205.4,2.08,80,0,0.64,0.2,0.08,0,0.16,0.16,1746,2806,100,100
99,60000,1.5,100.6,1.167,81,0,0.367,0.067,0.067,0.017,0.017,0.017,3398,548,100,100
100,72742,1.5,81,1.622,67,0,0.399,0.096,0.027,0.014,0.096,0.096,2924,799,100,100
101,32020,1.5,214.4,1.686,100,0,0.375,0.281,0.031,0,0.094,0.094,562,6496,100,100
102,90353,1.5,135.4,1.793,75,0,0.277,0.055,0.044,0.011,0.055,0.055,3398,548,100,100
103,74500,1.5,158.3,1.557,85,0,0.362,0.094,0.067,0.013,0.04,0.04,3398,548,100,100
104,128676,1.5,47.3,1.166,97,0,0.466,0.093,0.054,0.023,0.389,0.16,3747,257,100,100
105,56740,1.5,153.4,1.815,69,0,0.441,0.141,0.088,0.035,0,0,3398,548,100,100
106,40000,1.5,101,2.25,76,0.025,0.6,0.125,0.075,0,0.1,0.1,3398,548,100,100
107,95684,1.5,153.7,1.024,67,0.01,0.23,0.073,0.031,0.021,0.031,0.031,464,6242,100,100
108,26768,1.5,558.3,1.756,69,0.037,0.56,0.187,0.075,0.075,0,0,3058,1190,100,100
109,137000,1.5,139.8,1.431,81,0,0.182,0.036,0.029,0,0.058,0.058,3398,548,100,100
110,40752,1.5,160.4,2.086,90,0,0.589,0.123,0.025,0.025,0.049,0.049,3398,548,100,100
111,52000,1.5,123.6,1.212,83,0,0.481,0.135,0.135,0,0.077,0.077,2934,684,100,100
112,54428,1.5,124,1.525,81,0,0.276,0.147,0.037,0,0.055,0.055,2335,1588,95,95
113,68800,1.5,313.9,1.628,83,0,0.407,0.073,0.044,0.015,0.058,0.058,3058,1190,100,100
114,58246,1.5,175.1,1.717,77,0,0.395,0.103,0.052,0.017,0.034,0.034,2339,1534,100,100
115,152262,1.5,73.6,0.959,84,0.007,0.25,0.079,0.059,0.007,0.394,0.16,3398,548,100,100
116,59713,1.5,227.5,3.266,91,0,0.754,0.134,0.05,0.084,0.234,0.16,3398,548,75,75
117,63500,1.5,80.7,1.134,63,0,0.315,0.094,0.047,0,0.079,0.079,2924,799,100,100
118,50000,1.5,124.6,1.36,100,0,0.36,0.14,0.08,0.06,0,0,3398,548,100,100
119,110000,1.5,73.6,1.336,94,0,0.273,0.064,0.055,0.018,0.064,0.064,2339,1534,98,98
120,62518,1.5,211.2,1.44,84,0.016,0.304,0.112,0.048,0.016,0.08,0.08,464,6242,100,100
121,42563,1.5,76.4,1.504,94,0,0.517,0.164,0.023,0.094,0.023,0.023,2934,684,100,100
122,49952,1.5,134.9,1.241,96,0,0.36,0.08,0.06,0.02,0.08,0.08,2934,684,100,100
123,80000,1.5,215.3,1.088,95,0,0.213,0.075,0.013,0,0.038,0.038,3398,548,100,100
124,51513,1.5,45.4,1.922,88,0,0.524,0.116,0.039,0.039,0,0,2924,799,95,95
125,58246,1.5,131.1,1.717,92,0,0.412,0.155,0.052,0.017,0.052,0.052,2924,799,99,99
126,66000,1.5,180,1.288,87,0,0.409,0.091,0.03,0.015,0.061,0.061,2934,684,100,100
127,57000,1.5,67.3,1.123,71,0,0.281,0.088,0.07,0.018,0.035,0.035,2339,1534,100,100
128,52000,1.5,86.6,1.288,96,0,0.346,0.115,0.019,0.019,0.058,0.058,2924,799,100,100
129,66000,1.5,289.6,1.288,94,0,0.348,0.076,0.015,0.015,0.061,0.061,2339,1534,100,100
130,99772,1.5,125.4,1.103,69,0,0.321,0.05,0.08,0.01,0.1,0.1,3398,548,100,100
131,70000,1.5,194.7,1.371,84,0,0.414,0.114,0.014,0.029,0.071,0.071,3398,548,100,100
132,42938,1.5,106.2,1.467,90,0,0.489,0.14,0.093,0.047,0.023,0.023,2339,1534,100,100
133,58645,1.5,172.3,1.364,94,0,0.256,0.102,0.017,0,0.085,0.085,1504,4272,95,95
134,57000,1.5,186.6,1.421,45,0,0.439,0.14,0.035,0,0.14,0.14,464,6242,95,95
135,95145,1.5,141.7,1.303,95,0,0.221,0.053,0.021,0.011,0.105,0.105,2059,2234,95,95
136,42111,1.5,63,1.757,83,0,0.309,0.119,0.095,0.024,0.071,0.071,2924,799,50,50
137,52100,1.5,82.1,1.497,96,0,0.345,0.077,0.038,0,0.096,0.096,3398,548,100,100
138,152262,1.5,141.6,0.972,92,0,0.197,0.059,0.039,0.007,0.525,0.16,3398,548,100,100
139,50602,1.5,250.8,2.292,78,0,0.593,0.158,0.04,0,0.237,0.16,562,6496,95,95
140,50602,1.5,253.1,2.45,78,0,0.494,0.198,0.099,0.02,0.316,0.16,562,6496,100,100
141,55100,1.5,174.6,1.216,94,0,0.327,0.091,0.036,0,0.091,0.091,562,6496,95,95
142,50395,1.5,183,1.945,65,0.099,0.397,0.119,0.06,0,0.139,0.139,647,6080,95,95
143,49500,1.5,190.7,1.919,91,0,0.768,0.081,0.081,0.101,0,0,3398,548,100,100
144,54436,1.5,190.6,1.745,78,0,0.514,0.147,0.018,0,0.092,0.092,867,4549,95,95
145,29183,1.5,249.1,2.467,91,0,0.583,0.206,0.171,0.069,0.103,0.103,1376,3722,100,100
146,40000,1.5,153.2,1.85,95,0,0.5,0.175,0.075,0.025,0.025,0.025,3398,548,100,100
147,83247,1.5,332.6,1.417,83,0,0.264,0.084,0.024,0,0.072,0.072,3269,1111,100,100
148,55349,1.5,218.7,1.608,98,0,0.524,0.145,0.036,0.018,0.072,0.072,941,5301,100,100
149,54000,1.5,184.6,1.519,85,0,0.37,0.074,0.056,0,0.093,0.093,464,6242,95,95
150,54000,1.5,121.3,1.481,96,0,0.185,0.167,0.037,0.019,0.093,0.093,2944,1061,95,95
151,33257,1.5,226.1,1.503,75,0,0.541,0.15,0.12,0.09,0.03,0.03,464,6242,95,95
152,65000,1.5,122.1,1.231,80,0,0.262,0.077,0.015,0,0.108,0.108,2059,2234,100,100
153,67564,1.5,177.7,1.436,95,0,0.252,0.074,0.015,0,0.118,0.118,2059,2234,95,95
154,114371,1.5,235.2,1.303,87,0,0.227,0.079,0.035,0.017,0.044,0.044,562,6446,95,95
155,69000,1.5,220.9,1.638,93,0,0.232,0.116,0.043,0.014,0.043,0.043,941,5301,95,95
156,56759,1.5,194.8,1.568,88,0.018,0.282,0.123,0.053,0.018,0.035,0.035,750,5705,95,95
157,61895,1.5,191.4,1.454,62,0,0.259,0.129,0.032,0.016,0.081,0.081,941,5301,100,100
158,56517,1.5,204.5,1.292,94,0,0.407,0.124,0.053,0.035,0.018,0.018,941,5301,95,95
159,56271,1.5,249,1.511,98,0,0.284,0.142,0.036,0.018,0.089,0.089,647,6080,100,100
160,74500,1.5,169.9,1.383,73,0,0.215,0.121,0.067,0.013,0.054,0.054,591,5779,95,95
161,68826,1.5,210.4,1.511,97,0,0.218,0.116,0.044,0.015,0.044,0.044,941,5301,95,95
162,77313,1.5,132.2,1.371,75,0,0.207,0.078,0.026,0.026,0.026,0.026,941,5301,100,100
163,89652,1.5,190.2,1.283,59,0.011,0.346,0.123,0.1,0.022,0.033,0.033,750,5705,100,100
164,67000,1.5,104.3,1.507,94,0,0.358,0.09,0.045,0.015,0.09,0.09,1710,3148,100,100
165,40500,1.5,158.6,1.481,87,0,0.346,0.148,0.049,0.049,0.049,0.049,1376,3722,100,100
166,72240,1.5,106.9,1.107,95,0,0.194,0.111,0.028,0.014,0.042,0.042,2059,2234,95,95
167,42561,1.5,267.2,1.48,56,0,0.47,0.141,0.094,0.023,0.164,0.16,614,6200,95,95
168,42407,1.5,245.2,1.509,82,0,0.424,0.165,0.071,0,0.141,0.141,991,5338,95,95
169,44000,1.5,59.2,1.75,84,0,0.364,0.159,0.045,0.045,0.068,0.068,2924,799,100,100
170,72606,1.5,97,1.102,100,0,0.179,0.083,0.028,0,0.083,0.083,1896,3305,95,95
171,82756,1.5,96.1,1.1,94,0,0.181,0.097,0.024,0.012,0.036,0.036,1896,3305,95,95
172,105704,1.5,52.2,1.107,47,0,0.199,0.085,0.019,0.019,0.009,0.009,484,1417,100,100
173,54843,1.5,133.7,1.13,71,0,0.31,0.109,0.018,0.036,0.018,0.018,2488,1993,100,100
174,70000,1.5,109.3,1.357,81,0,0.371,0.114,0.029,0.029,0.043,0.043,932,4915,100,100
175,66173,1.5,118.6,1.693,78,0,0.332,0.076,0.06,0.03,0.045,0.045,932,4915,100,100
176,41668,1.5,204.5,1.776,49,0,0.432,0.144,0.096,0.024,0.048,0.048,2934,1915,100,100
177,73482,1.5,48.1,1.415,100,0,0.354,0.095,0.027,0.014,0.122,0.122,989,2671,100,100
178,161314,1.5,53.3,1.06,64,0,0.254,0.056,0.012,0.012,0.056,0.056,989,2671,100,100
179,32000,182.9,207,1.594,98,0,0.438,0.188,0.094,0,0.125,0.125,2059,2234,95,95
180,93604,182.9,168.6,1.335,86,0,0.32,0.128,0.043,0,0.171,0.16,484,1417,100,100
181,97500,182.9,202.8,1.169,68,0,0.359,0.174,0.041,0,0.113,0.113,484,1417,100,100
182,47538,1.5,206.5,1.557,73,0,0.316,0.147,0.063,0.042,0.021,0.021,2934,1915,100,100
183,73976,1.5,24,0.608,80,0,0.176,0.041,0.027,0,0.095,0.095,484,1417,100,100
184,56064,1.5,612.7,1.427,88,0,0.303,0.125,0.054,0,0.125,0.125,2181,2392,95,95
185,44200,182.9,302.8,1.719,88,0.158,1.041,0.905,0.068,0.045,0,0,809,6007,100,100
186,32000,182.9,113.9,1.469,92,0.063,1.094,0.438,0.063,0.063,0,0,453,5713,100,100
187,57985,182.9,195.2,1.569,58,0.103,0.69,0.448,0.052,0.034,0,0,3589,713,100,100
188,14026,182.9,365,3.707,93,0.143,1.569,0.642,0.214,0.143,0,0,332,5901,0,100
189,42580,182.9,204.4,1.198,70,0.141,1.057,0.282,0.047,0.07,0,0,1440,4590,100,100
190,74140,182.9,262.2,1.416,93,0,2.023,0.944,0.108,0.027,0.04,0.04,1756,3093,100,100
191,88216,182.9,235.1,1.111,79,0.068,0.363,0.17,0.023,0.023,0,0,2339,1534,100,100
192,96000,182.9,233.4,1.521,92,0.146,0.885,0.521,0.042,0.021,0.083,0.083,970,6285,100,100
193,55668,182.9,291.7,1.491,84,0,0.988,0.198,0.054,0.054,0,0,3398,548,100,100
194,34100,182.9,592,1.73,95,0.117,0.587,0.44,0.088,0.088,0.029,0.029,391,9099,75,100
195,23777,182.9,310.3,1.851,100,0.294,1.64,1.051,0.042,0.126,0,0,1965,2582,100,100
196,35811,182.9,274,1.955,72,0,1.452,0.391,0.056,0.056,0,0,3058,1190,100,100
197,73000,182.9,115.8,1.521,68,0.014,0.452,0.096,0.055,0.027,0,0,2313,2149,100,100
198,40000,182.9,125.4,2.8,70,0.15,1.25,0.5,0.1,0.05,0,0,514,6806,100,100
199,60500,182.9,249.3,2.314,63,0.099,0.843,0.198,0.066,0.033,0.033,0.033,2833,1877,100,100
200,176227,182.9,144.9,1.549,86,0,0.908,0.601,0.023,0.017,0.023,0.023,652,7758,100,100
201,34126,182.9,159.4,1.319,91,0.147,1.465,0.498,0.059,0.059,0.059,0.059,208,7338,100,100
202,29129,182.9,624.4,1.373,98,0.172,1.717,0.687,0.137,0.103,0,0,301,6847,75,100
203,367897,182.9,75.1,1.604,99,0.027,1.177,0.073,0.06,0.005,0.008,0.008,928,4844,65,65
204,138364,182.9,199.1,0.925,96,0,0.875,0.578,0.029,0.014,0.029,0.029,652,7758,100,100
205,280000,182.9,188.9,1.464,80,0.036,0.564,0.25,0.05,0.011,0.057,0.057,653,6572,100,100
206,22000,182.9,162.1,1.5,93,0,1.136,0.682,0.136,0.045,0.045,0.045,420,5804,100,100
207,111596,182.9,273.3,1.344,97,0.134,1.344,0.349,0.072,0.027,0,0,386,6629,100,100
208,192200,182.9,220.2,1.098,87,0.219,0.52,0.281,0.047,0,0.057,0.057,112,9752,95,95
209,40136,182.9,26.6,0.847,96,0.1,0.822,0.324,0.05,0.075,0,0,332,5901,100,100
210,45341,182.9,233.7,3.396,100,0,1.919,0.618,0.243,0.088,0,0,445,5763,25,100
211,68150,182.9,286.6,1.233,81,0.088,0.807,0.367,0.103,0.044,0.015,0.015,386,6629,100,100
212,39098,182.9,269,1.023,96,0.128,1.049,0.384,0.102,0.051,0,0,1965,2582,97,97
213,38046,182.9,345.1,1.787,97,0.158,1.446,0.184,0.158,0.079,0,0,1746,2806,100,100
214,36750,182.9,327.9,1.333,96,0.163,1.361,0.381,0.054,0.082,0,0,1746,2806,100,100
215,48978,182.9,281.8,1.695,95,0.02,1.572,0.47,0.041,0.061,0,0,1746,2806,100,100
216,65591,182.9,167.7,0.793,98,0.061,0.762,0.305,0.061,0.03,0,0,1364,3632,100,100
217,28000,182.9,157.2,1.607,98,0.107,2.143,0.571,0.107,0.071,0.036,0.036,1746,2806,100,100
218,57695,182.9,300.4,1.421,93,0.104,1.473,0.295,0.069,0.052,0,0,1710,3148,100,100
219,34880,182.9,279.7,1.462,94,0.143,1.405,0.516,0.057,0.057,0,0,2450,1622,100,100
220,36382,182.9,342.1,1.429,93,0.165,1.704,0.33,0.082,0.055,0,0,1746,2806,50,50
221,14280,182.9,517.9,2.241,85,0.28,2.241,0.91,0.07,0.14,0,0,1746,2806,100,100
222,17700,182.9,346,1.921,94,0.282,1.638,0.734,0.113,0.056,0,0,1746,2806,100,100
223,25000,182.9,297.4,1.6,75,0.12,1.6,0.4,0.2,0.08,0,0,1364,3632,100,100
224,27675,182.9,269.7,2.674,93,0,1.265,0.506,0.036,0,0,0,2450,1622,100,100
225,32475,182.9,286.5,1.848,96,0.185,1.416,0.462,0.154,0.062,0,0,1765,3299,100,100
226,22420,182.9,327.9,2.186,88,0.312,2.23,0.624,0.089,0,0.045,0.045,2450,1622,100,100
227,22000,182.9,319.2,1.545,99,0.182,1.091,0.545,0.091,0.045,0,0,1992,2300,100,100
228,21790,182.9,298.3,1.927,84,0.229,1.423,0.688,0.046,0.092,0,0,1945,2288,100,100
229,25000,182.9,324.2,1.68,93,0.16,1.92,0.4,0.12,0.08,0.04,0.04,1992,2300,100,100
230,45809,182.9,356.5,1.419,98,0.196,1.419,0.262,0.087,0.065,0,0,1945,2288,100,100
231,44646,182.9,310.5,1.59,97,0.179,1.12,0.739,0.112,0.045,0,0,656,4362,100,100
232,33638,182.9,314.3,2.111,90,0,1.486,0.446,0.03,0.059,0,0,2267,1852,100,100
233,55000,182.9,377.3,1.127,96,0.109,1.091,0.545,0.2,0.055,0,0,2335,1588,50,50
234,132156,182.9,73.6,0.348,87,0.038,0.492,0.121,0.023,0.015,0,0,2267,1852,100,100
235,32475,182.9,337.4,1.848,96,0.185,1.416,0.462,0.154,0.062,0,0,1765,3299,100,100
236,17901,182.9,374.9,1.676,93,0.335,1.843,0.67,0.112,0.112,0,0,1992,2300,100,100
237,40680,182.9,345.3,1.893,98,0.295,1.868,0.59,0.098,0.074,0,0,1746,2806,100,100
238,24700,182.9,324.2,2.51,95,0.202,1.417,0.486,0.121,0.081,0.04,0.04,1945,2288,100,100
239,30795,182.9,322,1.137,97,0.065,1.299,0.747,0.13,0.065,0,0,1522,3214,100,100
240,28383,182.9,430.4,2.255,86,0.176,2.043,1.233,0.035,0.106,0,0,1746,2806,100,100
241,25774,182.9,436.1,1.397,98,0,1.242,0.543,0.116,0.078,0.039,0.039,370,9151,50,100
242,50185,182.9,291.6,2.391,100,0.12,1.096,0.478,0.219,0.02,0.04,0.04,1445,3819,100,100
243,59353,182.9,224.4,1.466,82,0.118,0.438,0.674,0.101,0,0.135,0.135,653,6572,90,90
244,220000,182.9,62.1,0.518,96,0.055,0.568,0.227,0.027,0.009,0.009,0.009,301,6847,60,100
245,33522,182.9,497.9,1.879,85,0.358,1.342,0.746,0.179,0.03,0.06,0.06,307,6690,95,100
246,39881,182.9,399.6,3.736,95,0.201,3.761,0.376,0.025,0.075,0.025,0.025,1105,4675,100,100
247,37990,182.9,293.1,1.579,76,0,0.658,0.447,0.026,0.053,0.316,0.16,370,9151,100,100
248,40105,182.9,340.4,1.322,97,0.15,1.247,0.499,0.05,0.05,0,0,386,6629,100,100
249,59422,182.9,194.9,1.548,73,0,1.01,0.488,0.135,0.034,0.084,0.084,892,5421,100,85
250,27239,182.9,585.9,3.634,94,0.037,1.836,0.404,0.184,0.073,0,0,1072,4696,100,100
251,57703,182.9,197,1.248,87,0.052,0.953,0.26,0.277,0.052,0,0,445,5763,80,100
252,66656,182.9,223.8,1.395,97,0.06,0.39,0.3,0.105,0.03,0.03,0.03,809,6007,100,100
253,161852,182.9,221.4,1.032,49,0,0.661,0.297,0.031,0.019,0.482,0.16,1440,4590,96,96
254,201400,182.9,222.6,0.968,84,0.04,0.606,0.372,0.084,0.02,0.06,0.06,562,6446,70,70
255,194479,182.9,192.6,0.9,89,0.005,0.797,0.411,0.206,0.021,0.123,0.123,1105,4675,100,100
256,235533,182.9,315.5,1.049,89,0,0.34,0.34,0.034,0.017,0.374,0.16,576,5764,100,100
257,100000,182.9,286.6,1.47,97,0.06,0.84,0.31,0.09,0.01,0.12,0.12,653,6572,40,100
258,208000,182.9,170.4,0.875,87,0.029,0.452,0.178,0.034,0.014,0.178,0.16,481,6083,80,100
259,104664,182.9,163.4,0.908,85,0,0.268,0.229,0.038,0.019,0.038,0.038,653,6572,100,100
260,147584,1.5,94.7,1.45,93,0.007,0.468,0.068,0.027,0.02,0.142,0.142,1522,3214,100,100
261,250000,1.5,72.6,1.028,83,0,0.26,0.032,0.028,0.004,0.04,0.04,1522,3214,100,100
262,88204,182.9,229.6,1.304,61,0.057,0.658,0.465,0.091,0.023,0.057,0.057,809,6007,100,100
263,77010,182.9,300.4,1.247,54,0,0.234,0.143,0.052,0.026,0.052,0.052,3023,1563,100,100
264,71985,182.9,217.8,1.209,90,0,0.347,0.139,0.097,0.014,0.069,0.069,307,6690,95,100
265,66000,182.9,221.5,1.152,98,0,0.379,0.152,0.091,0.03,0.182,0.16,431,6144,95,100
266,21800,182.9,175.7,1.651,95,0,0.459,0.138,0,0,0.459,0.16,301,6847,40,100
267,88438,182.9,219.1,1.266,97,0,0.283,0.113,0.068,0.011,0.09,0.09,307,6690,95,100
268,298907,182.9,233.4,0.964,74,0,0.622,0.214,0.054,0.01,0.147,0.147,514,6806,80,100
269,160677,182.9,155,1.226,87,0,0.28,0.23,0.031,0.019,0.311,0.16,1039,4737,100,100
270,69899,182.9,146.2,1.402,80,0,0.472,0.358,0.029,0.072,0.072,0.072,834,5331,100,100
271,170518,182.9,131.4,1.22,77,0,0.27,0.199,0.012,0.018,0.041,0.041,834,5331,100,100
272,258503,182.9,203.4,1.335,89,0,0.94,0.53,0.035,0.043,0.058,0.058,591,5779,100,100
273,190933,182.9,158.1,1.33,76,0,0.236,0.34,0.026,0.063,0.079,0.079,834,5331,100,100
274,142646,182.9,144.8,1.388,79,0,0.428,0.287,0.014,0.056,0.063,0.063,576,5764,100,100
275,95462,182.9,209.8,1.467,75,0,0.597,0.325,0.094,0.063,0.094,0.094,834,5331,100,100
276,28292,182.9,217.1,1.873,98,0,0.53,0.424,0.106,0.071,0,0,576,5764,100,100
277,149553,182.9,146.7,1.772,93,0,0.649,0.227,0.047,0.04,0.08,0.08,834,5331,100,100
278,220767,182.9,282.8,1.54,92,0,1.042,0.634,0.362,0.014,0.063,0.063,834,5331,100,100
279,81563,182.9,243.9,0.969,100,0.135,0.895,0.123,0.208,0.025,0.27,0.16,591,5779,100,100
280,160408,182.9,167.4,1.222,82,0,0.517,0.218,0.044,0.075,0.287,0.16,576,5764,100,100
281,167041,182.9,164.7,1.269,77,0.006,0.269,0.227,0.054,0.03,0.311,0.16,834,5331,100,100
282,83600,182.9,154.2,1.722,97,0,0.299,0.12,0.06,0,0.12,0.12,420,5804,100,100
283,47500,182.9,226.8,3.116,99,0,0.526,0.211,0.105,0,0.211,0.16,420,5804,100,100
284,67158,182.9,234.1,1.147,97,0,0.447,0.074,0.074,0.03,0.074,0.074,3747,257,100,100
285,90000,1.5,41.4,0.978,60,0,0.222,0.056,0.011,0,0.033,0.033,484,1417,75,75
286,11715,1.5,122.9,1.878,68,0,0.683,0.427,0.085,0.085,0.171,0.16,989,2671,95,95
287,56981,1.5,55.7,1.72,82,0,0.351,0.175,0.053,0.018,0.053,0.053,484,1417,100,100
288,137000,1.5,37.1,1.255,62,0,0.277,0.073,0.029,0.007,0.022,0.022,484,1417,100,100
289,58880,1.5,72.6,1.8,50,0,0.476,0.119,0.017,0.017,0.034,0.034,696,1118,100,100
290,74000,1.5,60.7,1.324,75,0.014,0.297,0.081,0.054,0,0.095,0.095,2380,2317,100,100
291,21014,1.5,92.8,4.093,67,0.048,0.999,0.333,0.238,0.048,0.095,0.095,696,1118,100,100
292,50180,1.5,56.6,1.574,95,0,0.498,0.139,0.06,0,0.1,0.1,989,2671,100,100
293,62000,1.5,74.3,1.403,72,0,0.355,0.097,0.081,0.016,0.113,0.113,3862,1969,100,100
294,69533,1.5,50.7,1.395,84,0,0.288,0.086,0.072,0.101,0,0,989,2671,40,100
295,89750,1.5,58.9,1.538,59,0,0.334,0.089,0.022,0,0.089,0.089,3862,1969,100,100
296,30002,1.5,71.4,2.033,87,0,0.233,0.133,0.067,0,0.067,0.067,484,1417,100,100
297,45000,1.5,68.4,1.622,68,0,0.311,0.133,0.022,0.022,0.044,0.044,484,1417,100,100
298,54072,1.5,91.1,1.646,64,0,0.388,0.148,0.037,0,0.074,0.074,989,2671,95,95
299,69356,1.5,64.4,1.658,66,0,0.433,0.087,0.029,0,0.058,0.058,484,1417,100,100
300,63000,1.5,53.4,1.381,64,0,0.317,0.079,0.048,0.016,0,0,484,1417,100,100
301,48500,1.5,70.5,3.856,64,0,0.412,0.082,0.021,0.021,0.041,0.041,484,1417,100,100
302,51001,1.5,65.6,1.745,98,0,0.431,0.157,0.02,0.118,0,0,484,1417,95,95
303,158426,182.9,69,1.086,98,0,0.189,0.063,0.032,0,0.063,0.063,2380,2317,100,100
304,35772,1.1,166.3,2.376,64,0,0.447,0.28,0.14,0,0.224,0.16,85,3070,100,100
305,120898,1.1,13.7,2.275,33,0,0.165,0.083,0.05,0,0.124,0.124,3438,1259,100,100
306,48000,1.1,123.7,2.125,57,0,0.458,0.188,0.125,0.021,0.146,0.146,989,2671,100,100
307,57725,1.1,116.9,2.581,70,0,0.398,0.121,0.087,0,0.069,0.069,696,1118,100,100
308,34000,1.1,336.2,2.471,73,0,0.412,0.235,0.088,0,0.059,0.059,484,1417,100,100
309,95000,1.1,203.4,1.568,57,0,0.326,0.137,0.126,0,0.147,0.147,420,5804,100,100
310,37628,1.1,144,3.588,64,0,0.505,0.213,0.08,0,0.08,0.08,85,3070,100,100
311,76000,1.1,179.5,2.026,53,0,0.355,0.184,0.145,0,0.118,0.118,584,5594,100,100
312,69926,1.1,262.6,1.974,63,0,0.286,0.1,0.057,0,0.072,0.072,484,1417,100,100
313,56695,1.1,121,2.293,61,0,0.37,0.123,0.053,0.018,0.071,0.071,484,1417,100,100
314,53700,1.1,185.7,1.527,63,0,0.41,0.205,0.093,0.019,0.056,0.056,445,5763,100,100
315,80800,1.1,169.6,1.597,58,0,0.248,0.099,0.05,0.037,0.099,0.099,562,6496,100,100
316,160810,1.1,105.8,1.561,80,0,0.298,0.081,0.031,0.006,0.062,0.062,989,2671,100,100
317,65000,1.1,133.9,0.923,70,0,0.231,0.123,0.077,0,0.092,0.092,696,1118,100,100
318,80000,1.1,171.6,1.05,95,0,0.4,0.138,0.175,0,0.05,0.05,928,4844,100,100
319,85000,1.1,232,1.659,61,0,0.365,0.141,0.071,0.118,0.024,0.024,481,6083,100,100
320,79000,1.1,155.5,1.253,67,0,0.354,0.139,0.089,0.025,0.038,0.038,386,6629,100,100
321,174046,1.1,124,1.735,48,0,0.207,0.069,0.029,0.006,0.017,0.017,696,1118,100,100
322,161585,1.1,171.2,0.947,67,0,0.204,0.087,0.05,0.012,0.05,0.05,481,6083,100,100
323,74033,1.1,144.9,1.918,70,0,0.324,0.149,0.054,0.014,0.054,0.054,989,2671,100,100
324,127803,1.1,90.2,1.745,53,0,0.156,0.086,0.023,0.016,0.047,0.047,562,6446,100,100
325,91000,1.1,200.9,1.516,55,0,0.374,0.154,0.088,0,0.154,0.154,481,6083,100,100
326,78000,1.1,160,1.603,69,0,0.346,0.154,0.077,0.013,0.051,0.051,420,5804,100,100
327,83809,1.1,181,1.611,81,0,0.382,0.167,0.084,0.012,0.06,0.06,445,5763,100,100
328,92000,1.1,134.3,1.141,72,0,0.337,0.152,0.065,0.011,0.043,0.043,445,5763,100,100
329,84635,1.1,198.7,1.619,70,0,0.425,0.142,0.024,0.012,0.083,0.083,445,5763,100,100
330,107900,1.1,190.8,2.067,55,0,0.222,0.111,0.037,0.009,0.056,0.056,989,2671,100,100
331,99740,1.1,206.1,1.835,59,0,0.241,0.09,0.05,0.01,0.12,0.12,1002,4949,100,100
332,55000,1.1,320.5,1.927,66,0,0.509,0.2,0.127,0,0.055,0.055,584,5594,100,100
333,107296,1.1,148.6,1.967,62,0,0.242,0.093,0.047,0.009,0.093,0.093,484,1417,100,100
334,67000,1.1,123.1,2.179,61,0,0.343,0.119,0.045,0.06,0,0,484,1417,100,100
335,110000,1.1,170.6,1.736,57,0,0.209,0.091,0.045,0.009,0.064,0.064,3862,1969,100,100
336,113548,1.1,105.3,1.576,49,0,0.203,0.062,0.035,0.009,0.053,0.053,562,6446,100,100
337,209719,1.1,132.6,1.311,49,0,0.215,0.076,0.043,0.014,0.124,0.124,584,5594,100,100
338,54000,1.1,255.3,1.722,67,0,0.259,0.167,0.056,0.019,0.056,0.056,1142,4834,100,100
339,61478,1.1,150.5,2.44,66,0,0.439,0.146,0.081,0.016,0.081,0.081,85,3070,100,100
340,115000,1.1,147,1.817,51,0,0.2,0.07,0.043,0,0.104,0.104,3862,1969,100,100
341,80387,1.1,133.7,1.916,54,0,0.249,0.087,0.05,0.012,0.149,0.149,989,2671,100,100
342,102000,1.1,219.3,1.637,73,0,0.333,0.137,0.059,0.02,0.196,0.16,928,4844,100,100
343,96478,1.1,142.4,1.783,67,0,0.249,0.073,0.052,0,0.041,0.041,989,2671,100,100
344,119036,1.1,132.7,1.596,55,0,0.286,0.076,0.042,0,0.118,0.118,1359,3679,100,100
345,105057,1.1,166.4,2.094,58,0,0.209,0.114,0.048,0.01,0.057,0.057,484,1417,100,100
346,175000,1.1,248.7,0.429,96,0,0.337,0.114,0.034,0.006,0.606,0.16,584,5594,100,100
347,112516,1.1,165.8,1.715,63,0,0.284,0.089,0.053,0.009,0.062,0.062,453,5713,100,100
348,73368,1.1,143.8,1.704,62,0,0.327,0.177,0.095,0.014,0.055,0.055,420,5804,100,100
349,68700,1.1,290.4,1.79,59,0,0.451,0.204,0.058,0,0.102,0.102,584,5594,100,100
350,106901,1.1,156.1,1.609,65,0,0.318,0.103,0.075,0.009,0.065,0.065,420,5804,100,100
351,205590,1.1,147,1.819,55,0,0.19,0.058,0.024,0.015,0.039,0.039,3398,548,100,100
352,53000,1.1,161.1,1.943,55,0,0.264,0.17,0.094,0.075,0,0,989,2671,100,100
353,68136,1.1,282.1,1.835,79,0,0.572,0.22,0.029,0.029,0.015,0.015,584,5594,100,100
354,66366,1.1,153.1,1.356,55,0,0.271,0.166,0.015,0.015,0.06,0.06,1746,2806,100,100
355,66063,1.1,231.9,1.938,65,0,0.378,0.151,0.03,0.015,0.106,0.106,2934,1915,100,100
356,59509,1.1,191.2,1.832,66,0,0.353,0.118,0.084,0.034,0.269,0.16,2934,1915,100,100
357,180000,1.1,52.9,1.389,46,0,0.139,0.056,0.028,0.006,0.072,0.072,989,2671,100,100
358,112395,1.1,293.4,2.482,74,0,0.516,0.151,0.044,0.036,0.018,0.018,932,4915,100,100
359,48276,1.1,338.6,2.651,54,0,0.476,0.186,0.062,0,0.124,0.124,386,6629,100,100
360,35856,1.1,162.1,1.869,70,0,0.418,0.195,0.084,0,0.112,0.112,3058,1190,100,100
361,113700,1.1,260.2,1.319,87,0,0.325,0.097,0.026,0.018,0.026,0.026,584,5594,100,100
362,45342,1.1,193.3,1.786,67,0,0.397,0.221,0.066,0.022,0.11,0.11,1141,4648,100,100
363,168160,1.1,140.4,1.826,60,0,0.297,0.077,0.03,0.012,0.042,0.042,3398,548,100,100
364,37466,1.1,203.4,1.815,69,0,0.507,0.267,0.133,0.107,0,0,1965,2582,100,100
365,93857,1.1,128.8,1.769,52,0,0.245,0.075,0.064,0.011,0.117,0.117,484,1417,100,100
366,64187,1.1,213.3,1.823,69,0,0.28,0.203,0.047,0.016,0.125,0.125,2934,1915,100,100
367,103005,1.1,279.1,1.903,64,0,0.379,0.116,0.058,0.019,0.039,0.039,928,4844,100,100
368,33803,1.1,318.8,2.248,88,0,0.74,0.266,0.03,0,0.089,0.089,257,6664,100,100
369,69540,1.1,163,1.481,69,0,0.417,0.173,0.058,0.014,0.043,0.043,420,5804,100,100
370,62945,1.1,311.5,4.035,47,0,0.461,0.111,0.064,0.016,0.079,0.079,1002,4949,100,100
371,94495,1.1,108.2,2.042,53,0,0.233,0.095,0.053,0.021,0.053,0.053,484,1417,100,100
372,71169,1.1,147.5,1.644,74,0,0.393,0.169,0.056,0.028,0.014,0.014,584,5594,100,100
373,40000,1.1,159.5,1.6,77,0,0.45,0.225,0.05,0,0.15,0.15,1746,2806,100,100
374,61515,1.1,182.1,1.561,69,0,0.293,0.163,0.081,0.016,0.13,0.13,154,7107,100,100
375,133583,1.1,181.5,1.639,62,0,0.397,0.09,0.105,0.022,0.022,0.022,928,4844,100,100
376,38140,1.1,158.5,1.835,79,0,0.472,0.21,0.052,0,0.052,0.052,3058,1190,100,100
377,89000,1.1,113.3,1.899,61,0,0.292,0.112,0.056,0.011,0.09,0.09,484,1417,100,100
378,81724,1.1,199.3,2.056,57,0,0.428,0.147,0.037,0.024,0.024,0.024,928,4844,100,100
379,47300,1.1,147,1.987,82,0,0.55,0.169,0.233,0,0.106,0.106,1039,4737,100,100
380,107000,1.1,153.1,1.505,65,0,0.327,0.121,0.065,0.009,0.084,0.084,445,5763,100,100
381,160381,1.1,129.9,1.64,51,0,0.218,0.062,0.037,0.012,0.056,0.056,3747,257,100,100
382,65000,1.1,208.8,1.708,72,0,0.415,0.169,0.077,0.031,2.308,0.16,445,5763,100,100
383,66442,1.1,197.4,1.942,64,0,0.271,0.151,0.09,0.015,0.105,0.105,1336,4518,100,100
384,58602,1.1,155.8,1.843,82,0,0.41,0.154,0.068,0,0.068,0.068,307,6690,100,100
385,65718,1.1,209.8,1.643,68,0,0.456,0.137,0.046,0.015,0.107,0.107,2335,1588,100,100
386,35375,1.1,276.6,2.092,92,0,0.876,0.254,0.057,0,0.17,0.16,1445,3819,100,100
387,87000,1.1,171.8,1.782,58,0,0.448,0.161,0.011,0.023,0.023,0.023,386,6629,100,100
388,58980,1.1,273.5,2.052,84,0,0.458,0.17,0.017,0.034,0.034,0.034,591,5779,100,100
389,65053,1.1,190.4,1.691,62,0,0.354,0.169,0.077,0.015,0.061,0.061,1504,4272,100,100
390,65748,1.1,182,1.703,50,0,0.304,0.152,0.061,0.015,0.061,0.061,1504,4272,100,100
391,65718,1.1,185.9,1.856,62,0,0.35,0.167,0.076,0.091,0,0,1504,4272,100,100
392,86674,1.1,246.9,1.719,50,0,0.496,0.138,0.058,0.023,0.035,0.035,584,5594,100,100
393,44865,1.1,212.7,1.939,67,0,0.379,0.178,0.045,0.022,0.067,0.067,3058,1190,100,100
394,65053,1.1,211.4,1.799,65,0,0.446,0.138,0.108,0.015,0.092,0.092,1002,4949,100,100
395,87950,1.1,238.3,1.717,72,0,0.512,0.136,0.034,0.023,0.023,0.023,932,4915,100,100
396,54097,1.1,154.9,1.996,69,0,0.333,0.148,0.092,0,0.074,0.074,696,1118,100,100
397,79723,1.1,213.8,1.957,69,0,0.464,0.125,0.05,0.013,0.1,0.1,1122,5515,100,100
398,48281,1.1,283.4,2.444,69,0,0.456,0.186,0.062,0.041,0,0,1376,3722,100,100
399,165971,1.1,143,1.705,54,0,0.217,0.066,0.054,0,0.042,0.042,3398,548,100,100
400,68500,1.1,147.7,1.577,96,0,0.555,0.161,0.088,0.029,0.058,0.058,420,5804,100,100
401,59104,5.2,196.1,1.218,98,0,0.939,0.135,0.068,0.017,0.085,0.085,1039,4737,100,100
402,25640,5.2,257.3,1.833,88,0,1.132,0.351,0.195,0.039,0.195,0.16,1389,4313,100,100
403,71380,5.2,229,1.611,88,0,0.858,0.14,0.056,0.028,0.084,0.084,289,5106,100,100
404,52000,5.2,235.7,1.538,88,0,1.067,0.212,0.077,0.019,0.096,0.096,484,1417,100,100
405,70000,5.2,293.6,1.614,99,0,0.756,0.157,0.057,0,0.086,0.086,1141,4648,100,100
406,70000,5.2,240,1.6,70,0,0.719,0.171,0.086,0,0.086,0.086,1746,2806,100,100
407,86500,5.2,204,1.838,58,0,0.947,0.185,0.069,0.023,0.069,0.069,484,1417,100,100
408,70000,5.2,224.3,1.643,91,0,0.995,0.171,0.1,0,0.086,0.086,1522,3214,100,100
409,89000,5.2,246.6,1.787,83,0,1.058,0.202,0.056,0.022,0.067,0.067,332,5901,100,100
410,64500,5.2,238.5,1.364,88,0,0.83,0.171,0.078,0,0.093,0.093,1039,4737,100,100
411,156593,5.2,172.6,1.009,93,0,0.49,0.096,0.032,0.006,0.032,0.032,932,4915,100,100
412,89000,5.2,264.8,1.798,78,0,1.131,0.191,0.056,0.022,0.067,0.067,453,5713,100,100
413,73736,5.2,185.8,1.532,63,0,0.569,0.163,0.068,0,0.081,0.081,1746,2806,100,100
414,46000,5.2,222.9,1.261,90,0,1.178,0.217,0.087,0.022,0.109,0.109,289,5106,100,100
415,44351,5.2,216.6,1.195,88,0,1.033,0.203,0.113,0.023,0.113,0.113,1389,4313,100,100
416,49200,5.2,282.1,1.382,76,0,1.023,0.183,0.081,0.02,0.102,0.102,562,6446,100,100
417,54280,5.2,230.2,1.271,94,0,0.808,0.184,0.111,0.018,0.092,0.092,1746,2806,100,100
418,70812,5.2,241.2,1.539,97,0,0.993,0.127,0.056,0,0.085,0.085,932,4915,100,100
419,36135,5.2,317.3,1.66,89,0,1.285,0.277,0.166,0.028,0.138,0.138,1039,4737,100,100
420,90000,5.2,314.8,1.456,92,0,1.111,0.156,0.067,0,0.067,0.067,1039,4737,100,100
421,70000,5.2,199.5,1.643,87,0,0.866,0.143,0.071,0,0.086,0.086,1364,3632,100,100
422,81655,5.2,255.5,1.849,86,0,1.232,0.22,0.073,0.024,0.073,0.073,1522,3214,100,100
423,65824,5.2,284.2,1.58,81,0,0.931,0.182,0.076,0,0.091,0.091,514,6806,100,100
424,89000,5.2,220.1,1.787,91,0,1.029,0.202,0.067,0.022,0.067,0.067,453,5713,100,100
425,41832,5.2,164.1,1.195,83,0,0.91,0.239,0.143,0.024,0.12,0.12,289,5106,100,100
426,70000,5.2,244.3,1.6,89,0,0.885,0.2,0.071,0,0.086,0.086,932,4915,100,100
427,74000,5.2,235.2,1.608,97,0,1.063,0.149,0.095,0,0.081,0.081,932,4915,100,100
428,87008,5.2,215.7,1.827,86,0,1.164,0.195,0.08,0.023,0.069,0.069,484,1417,100,100
429,65000,5.2,263.1,1.631,81,0,0.873,0.154,0.077,0,0.092,0.092,562,6446,100,100
430,65038,5.2,228.3,1.599,79,0,0.734,0.169,0.092,0,0.092,0.092,1869,3440,100,100
431,83000,5.2,340.1,1.807,80,0,1.259,0.193,0.072,0.024,0.072,0.072,970,6285,100,100
432,55000,5.2,236.4,1.345,93,0,1.067,0.182,0.145,0.018,0.091,0.091,1440,4590,100,100
433,64742,5.2,308.8,1.606,72,0,0.767,0.185,0.077,0,0.093,0.093,653,6572,100,100
434,69123,5.2,204.8,1.143,79,0,0.765,0.13,0.101,0.014,0.072,0.072,1039,4737,100,100
435,83000,5.2,249.2,1.831,75,0,1.539,0.217,0.084,0.024,0.072,0.072,1108,5169,100,100
436,70000,5.2,231.5,1.614,87,0,0.977,0.129,0.071,0,0.086,0.086,1710,3148,100,100
437,49000,5.2,301.1,1.469,87,0,1.224,0.265,0.143,0.02,0.102,0.102,1710,3148,100,100
438,93000,5.2,241.1,1.71,80,0,1.033,0.161,0.054,0.022,0.065,0.065,696,1118,100,100
439,89000,5.2,242,1.775,88,0,1.181,0.18,0.056,0.022,0.067,0.067,1122,5515,100,100
440,65824,5.2,211.6,1.61,88,0,0.911,0.167,0.076,0,0.091,0.091,514,6806,100,100
441,69000,5.2,231.4,1.652,92,0,0.963,0.188,0.072,0,0.087,0.087,584,5594,100,100
442,79158,5.2,286.2,1.895,90,0,1.296,0.253,0.088,0,0.076,0.076,3398,548,100,100
443,59000,5.2,221.2,1.508,96,0,0.951,0.136,0.085,0,0.102,0.102,1039,4737,100,100
444,82000,5.2,254.4,1.732,89,0,1.384,0.195,0.049,0.024,0.073,0.073,1039,4737,100,100
445,65038,5.2,243.3,1.568,88,0,0.724,0.169,0.092,0,0.092,0.092,1937,3450,100,100
446,68583,5.2,225.7,1.662,59,0,0.696,0.146,0.087,0,0.087,0.087,1746,2806,100,100
447,64136,5.2,276.5,1.606,91,0,0.945,0.156,0.078,0,0.094,0.094,750,5705,100,100
448,70812,5.2,225.4,1.582,94,0,0.993,0.155,0.071,0,0.085,0.085,932,4915,100,100
449,65038,5.2,237.9,1.599,80,0,1.002,0.169,0.077,0,0.092,0.092,647,6080,100,100
450,75000,5.2,314.8,1.587,90,0,0.92,0.147,0.067,0,0.08,0.08,514,6806,100,100
451,70000,5.2,201.7,1.614,91,0,0.986,0.186,0.071,0,0.086,0.086,1364,3632,100,100
452,86000,5.2,234,1.837,92,0,1.298,0.221,0.058,0.023,0.07,0.07,484,1417,100,100
453,29000,1.5,73.2,1.586,25,0,1,0.207,0.069,0.034,0.069,0.069,989,2671,100,100
454,26768,1.5,64.9,2.017,63,0,0.448,0.224,0.037,0,0.149,0.149,989,2671,100,100
455,56069,1.5,11.5,0.357,68,0,0.178,0.071,0.036,0,0.036,0.036,989,2671,100,100
456,50000,5.2,121.2,0.56,76,0,0.555,0.14,0.1,0.02,0.1,0.1,514,6806,100,100
457,152226,1.1,162,1.182,76,0,0.322,0.118,0.046,0.02,0.02,0.02,584,5594,100,100
458,56845,182.9,262,1.108,98,0.053,1.407,0.422,0.07,0.053,0,0,1092,3984,98,98
459,88743,182.9,160.6,0.642,97,0.192,0.732,0.361,0.079,0,0,0,112,9752,75,100
460,55080,182.9,324.2,1.779,83,0.073,0.508,0.272,0.109,0,0,0,3023,1563,100,100
461,75000,182.9,289.2,1.387,98,0.2,1.333,0.533,0.093,0.04,0.013,0.013,301,6847,50,100
462,87776,182.9,345.3,1.116,95,0.182,1.139,0.456,0.103,0.034,0,0,307,6690,90,100
463,77000,182.9,341,1.247,93,0.26,1.299,0.519,0.13,0.039,0.013,0.013,307,6690,90,100
464,74400,182.9,315.1,1.478,99,0.202,1.344,0.538,0.108,0.027,0.04,0.04,431,6144,50,100
465,58000,182.9,264,1.017,94,0.103,0.776,0.431,0.155,0.052,0,0,431,6144,40,100
466,126700,182.9,281.7,1.231,98,0.11,0.947,0.395,0.126,0.032,0.016,0.016,307,6690,80,100
467,52949,182.9,263.2,1.095,98,0.113,0.85,0.472,0.302,0.038,0,0,431,6144,50,100
468,56354,182.9,291.1,1.366,98,0.106,0.923,0.319,0.053,0.053,0,0,420,5804,100,100
469,55120,182.9,365.7,1.56,80,0.127,1.27,0.363,0.181,0.054,0.036,0.036,1105,4675,90,100
470,45436,182.9,258.2,1.166,94,0.022,1.541,0.352,0.088,0.044,0.022,0.022,386,6629,100,100
471,48758,182.9,243.9,1.415,96,0,0.923,0.41,0.062,0.041,0,0,445,5763,95,95
472,50756,182.9,149.8,1.261,94,0.02,0.69,0.236,0.099,0.039,0,0,3058,1190,100,100
473,27958,182.9,286.3,2.146,75,0.036,1.323,0.322,0.143,0.072,0,0,3058,1190,100,100
474,22076,182.9,308.4,1.993,85,0.181,1.268,0.408,0.136,0.091,0,0,3058,1190,100,100
475,22000,182.9,299.8,2.045,71,0.045,1.364,0.364,0.136,0.091,0,0,2833,1877,100,100
476,34500,182.9,224.1,1.826,78,0.058,0.899,0.29,0.145,0.058,0,0,3058,1190,100,100
477,21100,182.9,326.1,1.991,64,0.095,1.469,0.427,0.095,0.095,0,0,3058,1190,100,100
478,28000,182.9,253.9,2.286,67,0.107,1.321,0.321,0.143,0.071,0,0,3058,1190,100,100
479,17900,182.9,367.1,1.676,75,0.056,1.508,0.447,0.112,0.056,0,0,2833,1877,100,100
480,19000,182.9,278.3,4.526,70,0.105,1.316,0.474,0.105,0.105,0,0,2313,2149,100,100
481,33700,182.9,224.7,1.543,80,0.059,1.009,0.267,0.119,0.059,0.03,0.03,2712,1332,100,100
482,34500,182.9,341.6,2,84,0.058,1.246,0.261,0.058,0.058,0,0,2944,1061,55,100
483,30800,182.9,116,1.818,77,0.065,1.136,0.357,0.065,0.065,0.032,0.032,2712,1332,100,100
484,39850,182.9,251.6,1.731,89,0.075,1.054,0.226,0.075,0.05,0,0,2944,1061,100,100
485,28000,182.9,291.2,2.143,68,0.036,1.179,0.25,0.143,0.071,0,0,2313,2149,100,100
486,51249,1,252.7,1.483,93,0.098,0.976,0.234,0.078,0,0.059,0.059,991,5338,100,100
487,47600,1,275.8,1.492,93,0.105,1.092,0.252,0.084,0.042,0.042,0.042,1002,4949,100,100
488,64465,1,252.8,1.101,92,0.078,0.776,0.233,0.062,0.031,0.031,0.031,562,6496,100,100
489,45600,1,279.7,1.535,93,0.11,1.096,0.263,0.088,0.044,0.044,0.044,991,5338,100,100
490,76895,1,198.3,1.157,64,0.065,0.65,0.156,0.052,0.026,0.026,0.026,464,6242,100,100
491,31396,1,278.1,1.593,92,0.127,1.274,0.382,0.127,0.064,0.064,0.064,750,5705,100,100
492,45600,1,257.3,1.447,93,0.11,0.877,0.329,0.088,0.044,0.044,0.044,1336,4518,100,100
493,91800,1,111.7,0.98,79,0.065,0.545,0.153,0.044,0.022,0.022,0.022,1002,4949,100,100
494,56100,1,273.9,1.48,93,0.107,0.98,0.178,0.071,0.036,0.036,0.036,991,5338,100,100
495,16045,1,324.9,1.87,92,0.249,2.181,0.935,0.125,0.125,0.125,0.125,562,6446,100,100
496,99991,1,109.3,1.12,92,0.04,0.5,0.12,0.04,0.02,0.02,0.02,653,6572,100,100
497,45186,1,276.2,1.239,93,0.089,1.107,0.177,0.089,0.044,0.044,0.044,1002,4949,100,100
498,31096,1,102.1,1.318,93,0.129,1.286,0.257,0.129,0.032,0.064,0.064,562,6496,100,100
499,69800,1,192.4,1.146,93,0.072,0.573,0.172,0.057,0.029,0.029,0.029,1336,4518,100,100
500,29025,1,341,1.895,92,0.172,1.378,0.345,0.103,0.069,0.069,0.069,1336,4518,100,100
501,116484,1,222.6,1.15,93,0.026,0.558,0.129,0.026,0.017,0.017,0.017,750,5705,100,100
502,24536,1,331.5,1.223,92,0.245,1.63,0.408,0.122,0.082,0.082,0.082,586,6380,100,100
503,76152,1,251.6,1.497,93,0.039,0.657,0.158,0.053,0.026,0.026,0.026,586,6380,100,100
504,41342,1,295.4,1.185,93,0.145,1.088,0.242,0.097,0.048,0.048,0.048,562,6496,100,100
505,47700,1,306.5,1.509,93,0.105,1.048,0.252,0.084,0.042,0.042,0.042,991,5338,100,100
506,52026,1,254.9,1.365,93,0.096,0.961,0.288,0.077,0.038,0.038,0.038,991,5338,100,100
507,25000,1,432.2,2.32,93,0.2,2,0.48,0.12,0.04,0.08,0.08,991,5338,100,100
508,50160,1,117.5,0.957,93,0.06,0.598,0.199,0.08,0.02,0.04,0.04,586,6380,100,100
509,86800,1,135.6,1.129,82,0.058,0.634,0.138,0.046,0.023,0.023,0.023,1336,4518,100,100
510,51795,1,274.7,1.39,93,0.097,0.965,0.29,0.077,0.039,0.039,0.039,750,5705,100,100
511,76650,1,175.3,1.396,93,0.091,0.652,0.196,0.052,0.026,0.026,0.026,562,6496,100,100
512,34500,1,133.8,1.768,92,0.116,1.159,0.232,0.058,0.029,0.058,0.058,562,6496,100,100
513,45600,1,342,1.557,93,0.11,1.096,0.263,0.088,0.044,0.044,0.044,991,5338,100,100
514,37772,1,468.5,2.647,61,0.106,1.059,0.318,0.106,0.026,0.053,0.053,750,5705,100,100
515,29300,1,314,1.297,92,0.102,1.365,0.341,0.137,0.034,0.068,0.068,750,5705,100,100
516,49066,1,255.6,1.304,92,0.102,1.019,0.245,0.082,0.041,0.041,0.041,562,6496,100,100
517,48472,1,253.1,1.093,92,0.103,1.032,0.309,0.083,0.041,0.041,0.041,1504,4272,100,100
518,101010,1,71.8,1.148,93,0.05,0.644,0.149,0.04,0.02,0.02,0.02,1504,4272,100,100
519,74000,1,267.1,1.392,93,0.068,0.743,0.203,0.054,0.027,0.027,0.027,653,6572,100,100
520,160000,1,182.6,0.675,92,0.056,0.438,0.1,0.025,0.019,0.013,0.013,562,6496,100,100
521,23398,1,268.2,1.453,91,0.128,1.496,0.427,0.128,0.043,0.085,0.085,562,6496,100,100
522,52600,1,235.7,1.331,93,0.095,0.951,0.285,0.076,0.038,0.038,0.038,750,5705,100,100
523,42145,1,304.8,1.471,93,0.119,1.068,0.285,0.095,0.047,0.047,0.047,1504,4272,100,100
524,52600,1,237,1.331,93,0.095,0.951,0.228,0.076,0.038,0.038,0.038,750,5705,100,100
525,36278,1,230.4,1.681,92,0.083,0.965,0.276,0.083,0.055,0.055,0.055,750,5705,100,100
526,27000,1,304.5,1.481,92,0.111,1.111,0.37,0.074,0.037,0.074,0.074,750,5705,100,100
527,32135,1,255.5,1.183,92,0.124,0.934,0.311,0.124,0.031,0.062,0.062,1336,4518,100,100
528,45600,1,250.7,1.667,93,0.11,1.096,0.263,0.088,0.044,0.044,0.044,1336,4518,100,100
529,52600,1,252.3,1.217,92,0.095,0.951,0.228,0.076,0.038,0.038,0.038,750,5705,100,100
530,52600,1,237.9,1.217,92,0.095,0.951,0.228,0.076,0.038,0.038,0.038,1504,4272,100,100
531,45600,1,291.6,1.557,93,0.11,1.096,0.263,0.088,0.044,0.044,0.044,991,5338,100,100
532,80600,1,168.8,1.179,86,0.062,0.682,0.149,0.05,0.025,0.025,0.025,991,5338,100,100
533,45600,1,287.5,1.382,92,0.11,1.096,0.263,0.088,0.044,0.044,0.044,1336,4518,100,100
534,60750,1,285.8,2.239,70,0.099,1.07,0.296,0.115,0.033,0.033,0.033,750,5705,100,100
535,56100,1,243.6,1.444,93,0.089,1.07,0.214,0.071,0.036,0.036,0.036,1336,4518,100,100
536,52600,1,188.8,1.35,93,0.095,0.951,0.285,0.076,0.038,0.038,0.038,991,5338,100,100
537,43000,1,283.2,1.581,92,0.116,1.163,0.279,0.093,0.047,0.047,0.047,991,5338,100,100
538,81550,1,94.2,1.324,93,0.098,0.736,0.184,0.049,0.025,0.025,0.025,562,6496,100,100
539,15499,1,525.2,1.742,91,0.194,1.936,0.645,0.258,0.065,0.129,0.129,464,6242,100,100
540,138762,182.9,302,1.477,96,0,0.324,0.562,0.05,0,0.05,0.05,834,5331,100,100
541,112539,182.9,261.4,1.324,83,0.071,0.755,0.462,0.133,0.027,0.098,0.098,591,5779,100,100
542,262399,182.9,133.6,0.736,85,0.03,0.255,0.248,0.107,0.023,0.019,0.019,953,4765,100,100
543,112539,182.9,545.5,1.564,100,0.062,0.88,0.267,0.151,0.027,0.427,0.16,576,5764,100,100
544,99595,182.9,272.2,0.884,96,0,0.602,0.402,0.08,0.02,0.131,0.131,591,5779,100,100
545,64956,182.9,234.5,1.108,97,0,0.77,0.523,0.123,0.046,0.015,0.015,834,5331,100,100
546,32500,182.9,349.1,2.892,99,0,1.415,0.369,0.185,0.062,0,0,1504,4272,100,100
547,78437,182.9,285.8,1.173,99,0.064,0.867,0.408,0.025,0.038,0,0,1072,4696,95,95
548,428295,182.9,185.8,0.883,97,0,0.467,0.28,0.07,0.009,0.124,0.124,834,5331,100,100
549,353850,182.9,275.3,1.362,70,0.073,1.484,0.593,0.054,0.017,0.045,0.045,652,7758,100,100
550,90000,182.9,226,1.689,98,0,0.278,0.111,0.056,0,0.111,0.111,420,5804,100,100
551,95280,182.9,167.3,1.753,99,0,0.42,0.105,0.073,0,0.105,0.105,420,5804,100,100
552,74900,182.9,161.9,1.909,97,0,0.467,0.134,0.08,0,0.134,0.134,420,5804,100,100
553,160036,182.9,174.1,1.156,97,0,0.219,0.062,0.037,0,0.062,0.062,420,5804,100,100
