PUBID8,SQFT,ADJWT,PBA,PBAPLUS,WKHRS,NWKER,PCNUM,NoWFridge,RWH,NonRWH,DistCtr,nRWH,HDD,HEATP,CDD,COOLP,SiteEUI,SourceEUI,PropSiteEUI,SmallPropane,WFDens
1,14000,734.43,5,10,60,40,5,0,0,1,0,1,2965,72,1367,72,32.37021429,66.89705636,0,1,0
19,106000,38.21,5,9,60,210,140,0,0,0,1,1,8083,50,673,100,78.91431132,201.1843199,0,1,0
30,37000,813.44,5,9,40,8,4,0,0,0,1,1,4680,100,1221,5,37.50181081,53.08768176,0,1,0
34,12000,80.53,5,9,48,9,5,0,0,0,1,1,5494,100,531,0,107.3313333,157.894249,0,1,0
44,5000,1567.79,5,9,168,6,15,0,0,0,1,1,1151,20,1248,25,24.5902,82.131268,0,1,0
87,68000,377.81,11,20,168,40,40,3,1,0,0,0,4193,20,1095,25,142.5663824,470.4075197,0,1,0.044117647
90,18000,140.65,5,9,45,3,4,0,0,0,1,1,7978,100,468,33,51.85766667,86.18003372,0,1,0
116,15000,2546.83,5,10,40,9,6,0,0,1,0,1,4698,100,1217,25,12.28546667,36.6834848,0,1,0
117,280000,33.69,5,9,50,73,48,0,0,0,1,1,4058,100,850,100,68.24889286,131.670648,0,1,0
126,110000,361.04,5,9,100,40,40,0,0,0,1,1,9290,100,558,10,59.94132727,101.9935715,0,1,0
152,13500,807.37,5,9,40,19,19,0,0,0,1,1,882,100,3479,100,37.42155556,124.9879956,0,1,0
160,65000,155.65,5,9,40,19,11,0,0,0,1,1,879,8,4318,8,9.190876923,30.69752892,0,1,0
161,150000,80.08,11,20,40,50,20,1,1,0,0,0,6091,15,605,3,95.01888667,294.5354799,0,1,0.006666667
172,21500,1164.83,5,9,68,8,5,0,0,0,1,1,804,20,4412,20,15.14390698,50.5806493,0,1,0
186,8600,776.54,5,10,60,0,,0,0,1,0,1,8051,0,792,0,3.092674419,10.32953256,0,1,0
203,8000,2314.83,5,9,50,0,,0,0,0,1,1,3105,100,1938,0,38.872125,55.95530375,0,1,0
216,55000,242.54,5,9,47,60,50,0,0,0,1,1,1870,0,1598,20,13.29352727,44.40038109,0,1,0
235,10750,734.43,5,10,50,0,,0,0,1,0,1,3292,0,1651,0,3.841395349,12.83026047,0,1,0
265,72000,190.78,5,10,50,4,2,0,0,1,0,1,1815,5,2768,5,2.325,7.7655,0,1,0
280,30000,1452.58,5,9,80,3,,0,0,0,1,1,5540,100,640,0,22.194,65.0577692,0,1,0
292,6000,364.88,5,10,56,4,2,0,0,1,0,1,9944,100,575,50,127.4531667,200.1602113,0,1,0
309,150000,75.21,5,9,50,50,10,0,0,0,1,1,3923,75,1299,20,21.47084667,69.55691177,0.06006,1,0
313,90000,155.65,5,9,73,37,23,0,0,0,1,1,849,8,4290,8,24.51347778,81.87501578,0,1,0
335,12750,734.43,5,10,55,13,8,0,0,1,0,1,3354,25,1576,25,34.09435294,99.83892149,0,1,0
369,120000,317.92,5,10,45,99,24,0,0,1,0,1,5267,80,625,30,51.82556189,116.0315907,0.089670221,1,0
375,66000,404.15,5,9,100,13,3,1,0,0,1,1,7517,90,726,25,89.91542424,174.6414686,0,1,0.015151515
377,20500,109.96,5,10,60,35,21,5,0,1,0,1,8735,80,626,25,206.382,320.8118508,0,1,0.243902439
458,20000,869.22,5,10,45,30,18,0,0,1,0,1,5405,20,829,15,32.39085,48.81152885,0,1,0
517,13000,2724.37,5,9,52,15,4,0,0,0,1,1,6075,45,736,45,38.87576923,81.31242431,0.693,1,0
550,25000,444.58,5,9,45,12,11,0,0,0,1,1,1473,0,284,20,8.36316,23.7008356,1.81636,1,0
568,11000,869.22,5,9,120,43,14,0,0,0,1,1,7131,100,430,15,208.6181818,327.8158043,0,1,0
597,10000,2546.83,5,9,65,3,1,0,0,0,1,1,3069,10,1256,10,14.2371,33.4149858,0,1,0
621,31000,365.93,5,10,60,25,12,3,0,1,0,1,7786,100,476,20,57.47970968,124.3465709,0,1,0.096774194
649,83000,72.41,5,9,106,20,11,7,0,0,1,1,7148,50,588,10,53.36542169,130.2496208,0,1,0.084337349
746,45000,209.53,5,9,70,60,10,0,0,0,1,1,5097,100,747,2,112.6603556,181.4903968,0,1,0
760,38000,369.79,5,9,40,20,5,0,0,0,1,1,3797,100,1125,30,31.25039474,60.14929647,0,1,0
770,95000,220.48,11,20,120,13,8,1,1,0,0,0,4689,100,1568,3,30.61444211,102.2522366,0,1,0.010526316
781,255000,121.36,5,9,168,325,50,0,0,0,1,1,3937,100,1389,5,46.74852941,129.4018697,0.356505882,1,0
817,55000,377.5,5,10,69,35,17,0,0,1,0,1,151,0,5467,100,52.885,176.6359,0,1,0
827,5000,2463.5,5,9,36,3,1,0,0,0,1,1,7765,100,594,20,145.5678,185.9205948,1.8018,1,0
854,152000,174.68,5,9,50,15,4,0,0,0,1,1,2620,100,1267,6,26.68967105,47.55743392,0,1,0
879,20000,568.7,5,9,40,15,13,0,0,0,1,1,4205,50,1435,50,32.49035,58.186419,0,1,0
899,46000,945.45,5,9,60,75,37,0,0,0,1,1,2248,35,1353,35,36.16428261,82.00238243,0,1,0
913,9700,2447.55,5,9,46,12,23,0,0,0,1,1,6985,100,748,40,25.30051546,84.50372165,0,1,0
943,100000,221.72,5,9,56,12,2,0,0,0,1,1,8377,100,321,0,16.5126,29.23464895,0,1,0
954,120000,221.64,5,9,45,4,1,0,0,0,1,1,5895,100,672,50,41.25665,61.13198766,0,1,0
973,88000,80.08,5,10,168,35,3,0,0,1,0,1,5906,100,923,10,46.36027273,75.06356122,0,1,0
995,700000,171.88,5,9,168,25,30,0,0,0,1,1,6059,100,699,100,79.84347143,205.5291739,0,1,0
998,44000,369.79,5,9,60,35,33,0,0,0,1,1,3541,30,1234,15,27.62472727,70.93611293,0,1,0
1000,500001,70.43,11,20,132,36,16,4,1,0,0,0,6216,3,823,3,41.57840684,120.1989716,0,1,0.007999984
1005,152000,199.06,5,10,100,20,6,2,0,1,0,1,7055,100,847,10,87.05004605,167.669588,0,1,0.013157895
1016,16500,364.2,5,10,80,16,6,0,0,1,0,1,366,0,4345,100,39.11787879,130.6537152,0,1,0
1024,12000,3065.81,5,9,55,3,2,0,0,0,1,1,749,0,5089,15,10.43016667,34.83675667,0,1,0
1084,114000,155.65,5,9,70,80,50,0,0,0,1,1,853,10,4389,10,8.756298246,29.24603614,0,1,0
1124,5000,807.37,5,9,70,5,6,0,0,0,1,1,279,0,4371,30,12.864,42.96576,0,1,0
1132,100000,206.74,5,9,60,80,70,0,0,0,1,1,5035,25,1158,25,71.91129,126.3791148,0,1,0
1148,245000,25.53,5,9,40,54,70,0,0,0,1,1,7614,100,673,25,22.37447755,37.45156855,0,1,0
1212,174000,1005.73,5,10,58,1,,0,0,1,0,1,4910,100,828,0,215.5296609,414.6810159,0.051775862,1,0
1215,13250,781.6,5,10,105,3,4,0,0,1,0,1,5371,100,634,5,90.50911956,117.4504221,0.161119556,1,0
1244,325000,170.5,5,9,147,50,40,4,0,0,1,1,9606,75,593,15,84.48052615,245.2599626,0.02772,1,0.012307692
1257,90000,190.78,5,10,60,20,40,0,0,1,0,1,2297,100,2478,10,12.77857778,36.31058384,0,1,0
1261,9200,2724.37,5,9,45,2,5,0,0,0,1,1,7805,100,703,35,43.50478261,91.78012598,0,1,0
1263,19000,864.37,5,10,120,5,4,1,0,1,0,1,7379,20,541,20,38.76642105,84.63408658,0,1,0.052631579
1276,47500,478.76,5,9,40,5,4,0,0,0,1,1,1352,0,1327,10,1.815536842,6.063893053,0,1,0
1296,122000,155.65,5,9,56,30,40,0,0,0,1,1,857,8,4787,8,11.3227377,36.95070648,0.372204918,1,0
1300,42500,201.75,5,9,70,25,22,0,0,0,1,1,4871,100,1425,20,77.41421176,140.6541162,0,1,0
1331,190000,85.58,5,9,120,145,100,0,0,0,1,1,255,0,4172,30,39.87350526,131.4767302,0,1,0
1363,10000,734.43,5,9,40,5,3,0,0,0,1,1,3304,10,1899,0,11.7492,39.242328,0,1,0
1366,138000,147.89,11,20,156,65,30,3,1,0,0,0,796,10,4197,100,103.151087,344.5246304,0,1,0.02173913
1407,52000,242.54,5,9,42,28,31,0,0,0,1,1,2104,38,1253,38,12.71286538,34.21851731,0,1,0
1446,65000,734.43,5,10,100,15,15,0,0,1,0,1,3071,100,2114,10,68.35381538,112.6689989,0,1,0
1492,15250,2724.37,5,10,60,3,2,0,0,1,0,1,6277,1,444,1,10.00104918,33.40350426,0,1,0
1495,91000,80.53,5,9,50,75,30,0,0,0,1,1,5576,100,911,10,31.94493407,62.84623445,0,1,0
1505,5000,2724.37,5,10,60,1,3,0,0,1,0,1,4464,66,1519,33,44.4164,87.877487,0,1,0
1514,59000,652.3,5,9,45,15,12,0,0,0,1,1,793,8,4658,8,17.31640678,56.04352797,0.769644068,1,0
1516,52000,406.42,5,9,34,120,210,0,0,0,1,1,6399,100,787,25,18.75403846,35.4969971,0,1,0
1529,6800,1332.33,5,10,43,13,,0,0,1,0,1,4087,0,1262,0,2.280588235,7.617164706,0,1,0
1579,18750,1210.96,5,9,40,7,3,0,0,0,1,1,3411,5,1260,5,18.59914667,57.64509157,0,1,0
1593,600000,188.02,5,9,80,230,75,0,0,0,1,1,879,5,1873,5,16.58020333,55.2202736,0,1,0
1596,148000,242.54,5,9,80,186,45,0,0,0,1,1,2706,100,1092,15,25.86536486,82.28671627,0,1,0
1621,65000,190.78,5,10,46,35,11,0,0,1,0,1,1753,25,2940,30,21.10490769,59.67376543,0,1,0
1634,20000,3187.23,5,10,40,8,,0,0,1,0,1,3261,0,1831,0,3.5026,11.698684,0,1,0
1673,5000,2739.65,5,9,113,6,6,1,0,0,1,1,6623,40,617,35,80.8264,139.9828468,0,1,0.2
1675,61000,167.29,5,10,40,10,10,0,0,1,0,1,6497,5,613,6,9.719065574,23.43552885,0,1,0
1730,9600,3110.9,5,10,50,0,,2,0,1,0,1,8386,20,651,0,22.589375,68.71626875,0,1,0.208333333
1737,68000,242.54,5,9,86,73,40,0,0,0,1,1,2516,100,1717,15,34.27180882,78.27998524,0,1,0
1783,24000,734.43,5,9,50,8,10,0,0,0,1,1,2896,17,1343,17,8.591125,23.24714492,0,1,0
1802,210000,80.53,5,10,55,120,97,0,0,1,0,1,4000,100,1519,100,34.42275714,75.08767605,0,1,0
1815,75000,145.23,5,10,40,2,,0,0,1,0,1,3644,1,1937,1,1.425266667,4.760390667,0,1,0
1855,315000,51.21,5,9,50,20,5,0,0,0,1,1,1356,3,1313,3,7.077514286,20.15206,0,1,0
1857,35000,1971.47,5,9,54,24,5,0,0,0,1,1,4604,100,2001,33,213.6140571,301.1411657,0,1,0
1859,245000,129.4,5,9,113,29,20,0,0,0,1,1,758,1,4841,1,9.233801702,30.6360249,0.087928233,1,0
1879,36000,369.79,5,9,50,5,7,0,0,0,1,1,2812,90,2112,20,31.97638889,54.02962011,0,1,0
1884,20000,869.22,5,9,45,2,4,0,0,0,1,1,7154,100,472,50,88.15475,104.2644785,0,1,0
1902,15000,652.3,5,9,50,8,5,0,0,0,1,1,822,10,4479,10,5.892695103,18.01014872,0.717361769,1,0
1974,120000,221.64,5,9,50,6,1,0,0,0,1,1,6975,10,710,10,4.046733333,9.577919158,0,1,0
2048,38000,406.52,5,10,50,13,13,0,0,1,0,1,1358,13,2950,13,7.813473684,26.09700211,0,1,0
2068,13500,1433.2,5,9,60,25,6,0,0,0,1,1,5554,100,889,100,62.51674074,88.48286222,0,1,0
2089,20000,808.04,5,9,168,0,8,0,0,0,1,1,2702,100,1380,15,46.5233,115.1156337,0,1,0
2114,440000,69.44,5,9,168,25,8,3,0,0,1,1,3050,30,2077,30,7.271513636,24.059046,0,1,0.006818182
2142,425000,171.88,5,9,125,85,25,0,0,0,1,1,4683,100,1100,15,34.17624941,86.29366219,0,1,0
2155,104000,377.5,5,10,60,95,12,2,0,1,0,1,255,0,4400,10,4.217734871,8.904293498,0.10346564,1,0.019230769
2179,15500,88.09,5,9,40,13,8,0,0,0,1,1,1357,20,1244,20,17.07012903,57.01423097,0,1,0
2210,10500,869.22,5,10,56,4,3,0,0,1,0,1,4654,100,1155,50,82.40438095,130.9314872,0,1,0
2213,450000,188.02,5,9,168,600,500,0,0,0,1,1,2476,99,1136,25,57.45397333,163.1485245,0,1,0
2266,6000,1164.83,5,9,40,4,5,0,0,0,1,1,880,20,4792,20,12.23933333,40.87937333,0,1,0
2282,32500,409.62,5,9,40,21,11,0,0,0,1,1,3891,100,1809,20,65.02193846,109.6329855,0,1,0
2295,164000,80.53,5,9,168,567,575,0,0,0,1,1,5156,100,602,40,188.4069878,349.6787757,0,1,0
2328,198000,88.09,5,9,80,35,30,0,0,0,1,1,2408,20,980,20,20.03907071,66.93049616,0,1,0
2398,70000,73.78,5,9,45,46,6,0,0,0,1,1,6551,100,780,5,83.37451429,88.10477294,0,1,0
2401,17500,808.04,5,9,50,4,1,0,0,0,1,1,4314,20,1120,20,8.943885714,25.711766,0,1,0
2404,79000,242.54,5,9,50,64,35,0,0,0,1,1,690,20,2110,20,16.63462025,55.55963165,0,1,0
2405,118000,221.64,5,9,55,160,200,0,0,0,1,1,5806,100,1343,25,181.5991441,359.8025959,0,1,0
2413,60000,1231.75,5,9,60,20,6,0,0,0,1,1,6483,100,534,10,33.9999,41.83340307,0,1,0
2416,82000,68.04,5,9,75,25,45,0,0,0,1,1,3171,15,1881,15,36.8844878,118.3910534,0,1,0
2478,410000,122.17,5,9,65,8,6,0,0,0,1,1,6127,100,566,1,1.139358537,3.805457512,0,1,0
2497,24000,121.02,5,9,80,30,30,0,0,0,1,1,278,80,4013,20,30.11529167,100.5850742,0,1,0
2526,96000,88.09,5,9,45,50,50,0,0,0,1,1,2366,27,2076,27,25.304,76.99327567,0.473010417,1,0
2534,164000,88.09,5,9,55,286,210,0,0,0,1,1,1786,100,1523,100,50.87918293,160.8232221,0,1,0
2543,30000,409.62,5,10,45,33,29,0,0,1,0,1,5237,100,954,50,38.05023333,85.86605973,0,1,0
2590,12750,746.1,5,9,48,5,5,0,0,0,1,1,4219,100,1432,20,66.37270588,106.0764536,0,1,0
2600,400000,82.18,5,9,80,20,20,2,0,0,1,1,6456,100,957,20,10.497095,11.0305745,0,1,0.005
2639,8500,1288.73,5,10,60,0,,0,0,1,0,1,8011,0,532,0,2.174,7.26116,0,1,0
2690,200000,243.05,5,9,60,16,5,0,0,0,1,1,3226,2,1963,2,7.8131,25.12647997,0,1,0
2693,13000,377.5,5,9,50,8,5,0,0,0,1,1,562,100,4360,90,32.96767955,109.7294217,0.164218009,1,0
2721,60000,80.53,5,9,60,70,50,0,0,0,1,1,5529,100,1239,25,68.91983333,163.3595689,0,1,0
2745,19500,377.5,5,9,40,9,2,0,0,0,1,1,1561,40,3045,40,11.10246154,34.40293923,0,1,0
2756,6000,864.37,5,10,60,7,6,0,0,1,0,1,6470,100,578,25,59.94083333,111.5492708,0,1,0
2829,126000,155.65,5,9,50,6,4,0,0,0,1,1,915,0,4004,1,6.943396825,23.1909454,0,1,0
2863,400000,112.82,5,9,77,73,14,0,0,0,1,1,4771,100,1301,40,6.90916,20.06353655,0.1135225,1,0
2885,100000,76.39,5,9,168,45,25,2,0,0,1,1,5240,10,802,10,92.49476,290.2657233,0,1,0.02
2948,74000,673.5,5,9,156,100,30,1,0,0,1,1,4526,100,1421,12,45.9877973,125.4561713,0,1,0.013513514
2973,20000,4044.03,5,9,80,15,10,0,0,0,1,1,6553,100,895,0,32.21845,61.02537895,0,1,0
3032,98000,94.77,5,10,144,10,,0,0,1,0,1,5737,100,609,0,21.36666327,42.56174423,0,1,0
3053,15000,807.37,5,10,60,10,3,0,0,1,0,1,1071,33,2968,33,15.49226667,51.74417067,0,1,0
3058,10000,864.37,5,10,50,6,6,0,0,1,0,1,7032,25,671,25,81.3788,119.6766703,0,1,0
3060,106000,111.77,5,10,60,4,1,0,0,1,0,1,4142,100,1430,1,23.10458491,77.16931358,0,1,0
3078,20500,364.2,5,9,60,20,20,0,0,0,1,1,528,25,4863,25,43.41009756,144.6746,0,1,0
3092,12500,679.47,5,10,40,6,2,0,0,1,0,1,6855,50,531,15,17.74163412,33.66716742,0.860834123,1,0
3095,24250,781.6,5,9,45,12,25,0,0,0,1,1,4787,100,1069,33,22.94465979,76.63516371,0,1,0
3096,5000,2544.74,5,9,45,2,1,0,0,0,1,1,1447,40,3443,40,33.9284,99.514703,0,1,0
3127,65000,478.9,5,9,120,20,20,2,0,0,1,1,2167,6,1284,7,58.13747692,186.4686253,0,1,0.030769231
3137,128000,221.72,5,10,90,45,20,0,0,1,0,1,8210,100,434,8,58.3108125,143.8509162,0,1,0
3191,295000,51.21,5,9,100,425,475,0,0,0,1,1,1565,12,472,12,32.68030508,99.88661795,0,1,0
3266,40500,369.82,5,9,60,35,25,0,0,0,1,1,6079,100,1121,20,44.44733333,87.25058291,0,1,0
3272,70000,221.64,11,20,120,45,20,1,1,0,0,0,5580,15,745,15,81.56465714,227.5725491,0,1,0.014285714
3281,10000,2314.83,5,10,55,5,3,0,0,1,0,1,3349,100,1283,40,26.5901,59.5907764,0,1,0
3286,140000,72.3,5,9,60,30,20,0,0,0,1,1,6141,100,1008,25,38.35187143,80.78995629,0,1,0
3291,40000,411.91,5,9,55,45,5,0,0,0,1,1,6303,100,614,15,37.522075,60.37055008,0,1,0
3307,7900,155.92,5,9,40,14,15,0,0,0,1,1,1202,100,690,100,38.08556962,117.3068418,0,1,0
3313,95000,329.6,5,9,65,33,28,0,0,0,1,1,943,10,3834,10,15.04792632,50.26007389,0,1,0
3377,200001,63.85,5,10,60,45,40,0,0,1,0,1,2980,100,1320,10,14.13378433,45.01417461,0,1,0
3378,15000,406.42,5,9,60,15,20,0,0,0,1,1,5172,100,1060,100,64.96486667,132.206623,0,1,0
3413,800000,82.18,5,9,144,1800,600,1,0,0,1,1,4672,100,1424,15,133.0356763,388.8180953,0,1,0.00125
3443,74000,155.65,5,9,55,27,27,0,0,0,1,1,676,9,4719,9,27.05978378,90.37967784,0,1,0
3449,18000,2447.55,5,10,30,1,,0,0,1,0,1,6055,0,888,40,2.231833333,7.454323333,0,1,0
3461,12000,1433.2,5,10,40,9,9,0,0,1,0,1,5637,15,813,15,28.40891667,62.78625833,0,1,0
3463,35000,880.97,5,9,60,12,13,0,0,0,1,1,5090,100,884,25,68.89211429,99.97374611,0,1,0
3464,18000,406.42,5,9,60,0,4,0,0,0,1,1,5762,100,781,90,53.90761111,109.4704607,0,1,0
3467,180000,82.18,5,9,100,150,90,0,0,0,1,1,4988,100,1246,25,80.04740556,163.2638161,0,1,0
3501,22000,869.22,5,10,54,3,5,0,0,1,0,1,5940,20,771,20,18.30018182,39.59858559,0,1,0
3507,138000,140.77,5,9,65,167,115,0,0,0,1,1,6812,100,876,8,24.39572464,49.08177225,0,1,0
3544,42000,818.97,5,9,50,30,8,0,0,0,1,1,3322,10,1231,10,9.2275,30.81985,0,1,0
3559,20000,206.74,5,9,168,20,10,0,0,0,1,1,6164,34,784,34,162.8604,340.3352214,0,1,0
3580,100000,188.02,5,9,40,27,11,0,0,0,1,1,769,0,1920,10,16.726,55.86484,0,1,0
3643,35000,790.94,5,9,50,12,8,0,0,0,1,1,7870,100,419,15,36.00337143,55.21195343,0,1,0
3659,8000,807.37,5,9,40,3,3,0,0,0,1,1,1974,5,3556,5,16.766625,56.0005275,0,1,0
3664,9000,808.04,5,10,60,13,10,1,0,1,0,1,3642,5,1058,5,68.95955556,230.3249156,0,1,0.111111111
3669,180000,145.23,11,20,96,46,15,14,1,0,0,0,3067,5,1319,5,306.257969,1022.622762,0.119680095,1,0.077777778
3678,85000,734.43,5,9,45,36,16,0,0,0,1,1,2819,100,2129,30,11.72750588,31.94411409,0,1,0
3709,215000,74.86,5,9,60,57,79,0,0,0,1,1,3585,58,1014,11,22.46593023,58.54150614,0,1,0
3712,65000,808.04,5,9,80,12,6,0,0,0,1,1,4046,5,1177,5,43.42258462,97.48068329,1.3986,1,0
3743,73000,364.88,5,10,50,55,28,0,0,1,0,1,6172,100,843,50,94.21372603,222.2651034,0,1,0
3799,38000,411.91,5,9,50,25,25,0,0,0,1,1,4389,15,233,15,18.06389474,44.31360529,0,1,0
3826,22000,242.54,5,9,48,6,9,0,0,0,1,1,1390,0,812,15,6.074045455,17.59011845,0,1,0
3829,136000,82.18,5,9,60,134,50,1,0,0,1,1,4968,100,1209,100,81.94580147,213.6825759,0,1,0.007352941
3848,500000,130.11,5,9,60,185,150,0,0,0,1,1,4542,100,1265,25,22.688084,53.38560638,0,1,0
3870,83000,369.9,5,9,50,48,11,0,0,0,1,1,3240,8,1961,8,10.39796386,29.44387406,0,1,0
3887,17000,864.37,5,9,51,15,13,0,0,0,1,1,5761,100,1000,15,57.47858824,103.5478606,0,1,0
3919,10000,2544.74,5,10,60,8,3,0,0,1,0,1,1622,100,2910,10,55.3141,132.5976653,0,1,0
3938,80000,184.27,5,9,168,1,,0,0,0,1,1,6708,100,609,0,23.16155,27.59858209,0,1,0
3946,15000,1536.49,5,9,40,13,10,0,0,0,1,1,5299,100,711,100,74.46746667,132.7079209,0,1,0
3957,360000,77.02,5,9,80,48,18,0,0,0,1,1,7513,100,581,10,32.05346944,66.33529011,0,1,0
3962,22000,652.3,5,9,40,14,10,0,0,0,1,1,968,100,3603,10,8.288045455,27.68207182,0,1,0
3972,65000,652.3,5,9,150,25,8,8,0,0,1,1,922,5,4181,80,47.37289231,158.2254603,0,1,0.123076923
3978,102000,329.6,5,9,40,0,,0,0,0,1,1,821,0,4646,0,2.542245098,8.491098627,0,1,0
3983,7200,864.37,5,10,70,25,21,0,0,1,0,1,6880,100,818,20,251.2611111,459.3499094,0,1,0
3987,11750,2724.37,5,10,60,5,4,0,0,1,0,1,8723,35,453,11,17.24791489,26.24116179,0,1,0
3995,166000,221.72,5,9,40,2,3,1,0,0,1,1,5809,100,818,3,41.71975301,72.82638581,0,1,0.006024096
4013,21500,173.32,5,10,50,7,,0,0,1,0,1,5654,50,824,50,9.962604651,21.70745242,0,1,0
4047,215000,171.88,5,10,168,50,10,0,0,1,0,1,5432,10,1067,5,2.283413953,5.681471572,0,1,0
4051,250000,25.66,5,10,168,400,200,0,0,1,0,1,6268,100,1371,75,93.56752,297.3948419,0,1,0
4073,280000,70.71,5,9,132,375,250,0,0,0,1,1,2117,100,3374,100,68.85276935,214.7308812,0.076937204,1,0
4076,46000,790.89,5,9,50,28,19,0,0,0,1,1,3277,100,1665,30,35.03176087,71.10176659,0,1,0
4093,16000,1164.83,5,9,46,10,8,0,0,0,1,1,855,5,4668,5,12.3774375,41.34064125,0,1,0
4095,15000,2314.83,5,10,168,13,11,0,0,1,0,1,2974,100,1692,50,49.28006667,109.3388615,0,1,0
4140,13000,3452.96,5,10,50,0,,0,0,1,0,1,4005,0,1400,0,0.282384615,0.943164615,0,1,0
4146,39500,3.67,5,10,45,8,2,0,0,1,0,1,7326,30,513,25,29.62105909,41.78363525,0.054046433,1,0
4214,86000,72.3,5,10,55,39,36,0,0,1,0,1,4143,7,1555,7,55.4602907,87.71344131,0,1,0
4265,16000,406.42,5,10,40,13,4,0,0,1,0,1,4254,100,284,30,16.061875,43.12652181,0,1,0
4311,25000,2546.83,5,10,48,3,,0,0,1,0,1,3550,40,1110,40,13.94424,30.28984264,0,1,0
4319,10000,365.45,5,10,30,0,2,0,0,1,0,1,8781,5,470,5,11.0153,16.5382274,0,1,0
4325,12750,2724.37,5,9,65,10,6,0,0,0,1,1,4449,100,1585,25,47.71717647,98.76211749,0,1,0
4400,150000,177.88,5,10,50,4,,0,0,1,0,1,1309,0,2461,0,0.5542,1.851028,0,1,0
4401,700000,206.74,5,10,168,296,200,3,0,1,0,1,5075,90,927,10,145.3357712,315.4688845,0.003049763,1,0.004285714
4442,260000,18.11,5,9,40,3,1,0,0,0,1,1,6403,23,634,5,9.614765385,18.09430243,0,1,0
4520,41000,96.81,5,9,168,150,40,3,0,0,1,1,2225,25,245,40,72.66678049,242.7070468,0,1,0.073170732
4554,21000,364.88,5,9,60,7,7,0,0,0,1,1,6171,100,516,33,23.754,59.20986005,0,1,0
4564,136000,72.3,5,9,43,15,6,1,0,0,1,1,8200,10,755,5,21.75839706,33.76152859,0,1,0.007352941
4586,350000,2.71,11,20,120,123,12,1,1,0,0,0,6086,100,724,100,148.6521429,467.2544567,0,1,0.002857143
4606,60000,404.15,5,9,40,36,7,0,0,0,1,1,6913,100,606,100,44.86486667,112.3976764,0,1,0
4621,260000,11.18,5,9,80,57,5,0,0,0,1,1,2644,100,2396,40,30.70150769,85.58346972,0,1,0
4631,168000,226.15,11,20,108,200,56,1,1,0,0,0,2490,11,1733,11,36.77991667,121.4236575,0,1,0.005952381
4632,42500,730.26,11,20,50,57,34,1,1,0,0,0,3376,25,1241,25,150.9646118,477.9109501,0,1,0.023529412
4633,29500,205.44,5,9,65,5,24,0,0,0,1,1,387,30,3565,30,40.2759322,134.5216136,0,1,0
4636,14000,860.43,5,10,44,2,2,0,0,1,0,1,6932,100,599,15,61.09007143,84.94176343,0,1,0
4637,14000,1288.73,5,10,45,0,,0,0,1,0,1,6298,0,410,0,2.313071429,7.725658571,0,1,0
4689,13000,869.22,5,9,54,9,2,0,0,0,1,1,7321,25,415,20,23.109,52.77922769,0,1,0
4712,33000,872.07,5,9,55,31,16,0,0,0,1,1,5815,100,904,15,74.86348485,155.0678174,0,1,0
4725,31000,224.72,5,9,70,20,8,0,0,0,1,1,5991,25,571,25,34.8803871,77.79823713,0,1,0
4771,120000,226.15,5,10,45,16,8,0,0,1,0,1,2241,3,1280,3,3.006683333,10.04232233,0,1,0
4794,68000,469.34,5,9,122,90,35,0,0,0,1,1,6343,100,602,26,59.08925,114.7472581,0,1,0
4813,33000,880.97,5,10,50,40,40,0,0,1,0,1,5527,100,1008,5,70.11181818,118.5053112,0,1,0
4872,300000,42.03,5,10,50,25,4,0,0,1,0,1,6840,60,858,1,26.91799,44.05390573,0,1,0
4877,15000,3065.81,5,9,50,4,3,0,0,0,1,1,941,15,4235,15,8.3908,28.025272,0,1,0
4919,6000,2314.83,5,10,45,0,,0,0,1,0,1,2941,90,2218,0,10.29483333,16.85149333,0,1,0
4923,14000,807.37,5,10,48,20,7,0,0,1,0,1,1340,25,3098,25,25.95078571,85.17626929,0.6435,1,0
4929,90000,190.78,5,10,168,20,10,0,0,1,0,1,1712,25,2744,25,8.055255556,25.03430632,0,1,0
4932,370000,5.32,5,10,60,150,100,0,0,1,0,1,4396,20,258,0,17.16273243,36.21694264,0,1,0
4964,55000,343.4,5,9,50,10,3,0,0,0,1,1,3423,100,1481,5,17.01761818,48.37971758,0,1,0
5025,13500,1181.96,11,20,48,15,4,2,1,0,0,0,7491,50,615,10,33.63888889,103.107911,0,1,0.148148148
5035,36500,409.62,5,10,55,44,44,0,0,1,0,1,6349,100,621,100,61.79643381,129.2400558,0.058488606,1,0
5038,50000,1254.36,5,10,40,14,12,0,0,1,0,1,826,5,5026,5,7.64752,25.5427168,0,1,0
5064,30000,224.72,5,9,60,12,12,0,0,0,1,1,5998,10,1074,10,16.91286667,37.0010734,0,1,0
5101,44000,702.44,5,9,72,20,7,0,0,0,1,1,766,25,4514,30,15.40511364,51.45307955,0,1,0
5103,11000,807.37,5,9,40,10,8,0,0,0,1,1,134,0,5000,20,8.690363636,29.02581455,0,1,0
5127,184000,226.15,5,9,48,27,18,0,0,0,1,1,2255,1,1404,1,7.749173913,25.88224087,0,1,0
5128,84000,240.9,5,10,50,3,1,0,0,1,0,1,701,0,4237,0,5.561642857,18.57588714,0,1,0
5136,285000,1005.73,5,10,58,1,1,0,0,1,0,1,6456,100,730,0,212.5012035,404.6195251,0.031610526,1,0
5150,6000,780.38,5,9,60,5,2,0,0,0,1,1,5489,100,623,0,146.6356667,215.232279,7.568166667,1,0
5178,475000,40.28,5,10,89,200,100,0,0,1,0,1,2559,40,2138,35,32.46551368,83.59624453,0.095597895,1,0
5198,45000,223.47,5,9,40,33,12,0,0,0,1,1,4299,100,1531,13,49.06795556,93.76825449,0,1,0
5200,23500,2739.65,5,10,40,0,,0,0,1,0,1,6672,100,432,0,3.412638298,5.210369787,0,1,0
5201,150000,82.18,5,10,50,4,17,1,0,1,0,1,4680,10,1233,10,9.748613333,25.63204544,0,1,0.006666667
5225,230000,42.03,5,9,75,25,7,0,0,0,1,1,6023,100,724,45,45.92852609,95.74951466,0,1,0
5239,106000,74.86,5,9,90,60,50,0,0,0,1,1,4533,100,1323,25,47.45262264,130.579989,0,1,0
5261,184000,72.3,5,9,130,110,70,0,0,0,1,1,6828,100,736,50,54.64075543,159.6430381,0,1,0
5306,12000,807.37,5,9,65,15,14,0,0,0,1,1,224,0,4479,50,30.28008333,101.1354783,0,1,0
5331,17500,864.37,5,9,54,15,15,0,0,0,1,1,5982,100,900,35,115.6644,195.5578746,0,1,0
5389,68000,329.6,5,9,40,14,11,0,0,0,1,1,992,0,3779,5,8.235161765,27.50544029,0,1,0
5393,150000,75.21,5,9,85,21,1,0,0,0,1,1,2985,100,1434,100,53.20102,139.8818394,0,1,0
5409,300000,24.59,5,9,55,60,15,0,0,0,1,1,2316,80,2582,20,22.58521667,39.87566629,0,1,0
5432,7200,1433.2,5,10,40,9,,0,0,1,0,1,5417,0,905,0,19.82083333,66.20158333,0,1,0
5463,8200,2724.37,5,10,48,3,1,0,0,1,0,1,5812,100,889,25,43.8795122,89.41601073,0,1,0
5467,42500,156.64,5,9,168,5,2,0,0,0,1,1,7222,0,536,1,5.445223529,18.18704659,0,1,0
5520,5200,869.22,5,10,50,20,23,0,0,1,0,1,4585,100,250,45,59.3699681,197.3391236,0.410545024,1,0
5571,51000,734.43,5,9,45,24,15,0,0,0,1,1,2794,100,2284,25,36.01486275,71.92323716,0,1,0
5581,10000,2724.37,5,10,54,0,3,0,0,1,0,1,7875,10,369,10,34.1817,44.2136391,0,1,0
5638,10000,807.37,5,9,48,12,4,0,0,0,1,1,1134,20,3302,20,21.0808,58.0457867,0,1,0
5651,6000,781.6,5,10,60,2,1,0,0,1,0,1,5176,25,881,25,26.92283333,56.15571983,0,1,0
5750,22500,802.59,11,20,70,4,,1,1,0,0,0,6217,0,969,100,13.09844444,43.74880444,0,1,0.044444444
5758,205000,82.18,5,9,40,100,50,0,0,0,1,1,4726,100,1279,10,79.93426341,132.5099607,0,1,0
5760,17000,478.9,5,9,40,10,5,0,0,0,1,1,917,10,1718,10,18.58494118,62.07370353,0,1,0
5767,5000,2544.74,5,10,50,4,5,0,0,1,0,1,1710,50,2211,50,27.7758,92.771172,0,1,0
5796,26000,443.71,5,10,34,4,1,0,0,1,0,1,7394,10,532,10,13.07823077,32.97924242,0,1,0
5869,34000,205.44,5,10,58,12,9,0,0,1,0,1,710,39,3446,39,65.42861765,218.5315829,0,1,0
5892,19500,2141.61,5,9,102,3,2,0,0,0,1,1,7153,50,638,10,18.3845641,52.07313456,0,1,0
5917,87000,69.29,5,9,60,10,4,0,0,0,1,1,2654,100,2685,100,34.1148046,91.50914274,0,1,0
5925,100000,82.18,5,9,73,42,30,0,0,0,1,1,4781,100,1303,40,101.10496,250.3376996,0,1,0
6003,5700,2314.83,5,9,45,6,4,0,0,0,1,1,3187,75,1461,100,53.90596491,117.9160821,0,1,0
6016,50000,443.71,5,10,50,10,10,3,0,1,0,1,6249,100,498,0,56.59974,112.5697931,0,1,0.06
6028,25000,802.59,5,9,84,10,14,0,0,0,1,1,5089,20,861,20,21.69296,47.9436922,0,1,0
6071,110000,84.13,5,10,85,95,53,0,0,1,0,1,4775,100,1167,100,57.09140909,135.9761494,0,1,0
6074,89000,82.18,5,10,60,73,100,0,0,1,0,1,4827,30,1102,30,47.36621162,90.07759426,0.0239869,1,0
6092,17000,734.43,5,9,40,12,3,0,0,0,1,1,3647,100,1109,80,42.56847059,92.11575765,0,1,0
6112,25000,746.1,5,10,40,3,,0,0,1,0,1,4325,30,1506,0,49.41568,77.19904692,0,1,0
6148,600000,147.89,5,9,60,420,250,0,0,0,1,1,587,25,3529,25,28.84092167,96.16710452,0,1,0
